url;rating;score_author;domain_ending;score_url_domain_ending;errors_grammar_spelling;score_errors;questions_text_per_sentence;score_tonality_questions_text;questions_title;score_tonality_questions_title;exclamations_text_per_sentence;score_tonality_exclamations_text;exclamations_title;score_tonality_exclamations_title;all_caps_text;score_tonality_all_caps_text;all_caps_title;score_tonality_all_caps_title;read_text_flesch_kincaid;read_text_flesch_read_ease;read_text_gunning_fog;read_text_smog;read_text_ari;read_text_coleman_liau;score_readability;word_count_text;score_ls_word_count_text;word_count_title;score_ls_word_count_title;sentence_count;score_ls_sentence_count;ttr;score_ls_type_token_ratio;word_length_text;score_ls_word_length_text;word_length_title;score_ls_word_length_title;profanity;score_vocabulary_profanity;total_emotion_word_ratio;anger_word_ratio;anger_intensity;anticipation_word_ratio;anticipation_intensity;disgust_word_ratio;disgust_intensity;fear_word_ratio;fear_intensity;sadness_word_ratio;sadness_intensity;joy_word_ratio;joy_intensity;surprise_word_ratio;surprise_intensity;trust_word_ratio;trust_intensity;score_vocabulary_emotional_words;clickbait;score_clickbait;links_count;score_links_external;sentiment_text_spacy;sentiment_text_vader;sentiment_text_fasttext_1;sentiment_text_fasttext_2;sentiment_text_fasttext_3;sentiment_text_fasttext_4;sentiment_text_fasttext_5;score_sentiment_polarity_text;sentiment_title_spacy;sentiment_title_vader;sentiment_title_fasttext_1;sentiment_title_fasttext_2;sentiment_title_fasttext_3;sentiment_title_fasttext_4;sentiment_title_fasttext_5;score_sentiment_polarity_title;subjectivity;score_sentiment_subjectivity
https://web.archive.org/web/20180503000456/http://ewao.com/2017/08/16/johns-hopkins-researcher-releases-shocking-report-on-flu-vaccines/;2.0000000000;0;0;0;0.0084586466;0.5770676692;0.0937500000;0.7083333333;0;1;0.0000000000;1.0000000000;0;1;0.0000000000;1.0000000000;0;1.0000000000;14.9346375929;47.9340733809;19.8506151346;15.6984250992;18.1959244429;11.7803197725;0.9954306833;1055;1.0000000000;9;1.0000000000;32;0.7000000000;0.4559241706;0.3898104265;4.9639810427;0.9519747235;6.3333333333;1.0000000000;0.0000000000;1.0000000000;0.1099624060;0.0150375940;0.0074962406;0.0159774436;0.0073994361;0.0112781955;0.0067706767;0.0516917293;0.0236306391;0.0206766917;0.0116738722;0.0244360902;0.0094511278;0.0056390977;0.0031569549;0.0366541353;0.0203486842;0.9820144737;1;1;3;1.0000000000;0.1347065296;-0.9942000000;0.0735413730;0.8361482024;0.0771646351;0.0117490087;0.0014467937;0.6455372778;-1.0000000000;-0.6486000000;0.0001060583;0.9997650981;0.0000532178;0.0000381780;0.0000874646;0.5675354924;0.5032105880;0.6559647066
https://www.independent.co.uk/news/world/asia/india-floods-bangladesh-nepal-deaths-millions-homeless-latest-news-updates-a7919006.html;3.0000000000;1;0;0;0.0034423408;0.8278829604;0.0000000000;1.0000000000;0;1;0.0000000000;1.0000000000;0;1;0.0000000000;1.0000000000;0;1.0000000000;11.5351765073;59.4795126523;14.9117150890;12.2687157098;14.6512933458;11.6111875189;0.9118670140;569;0.5380000000;12;0.8000000000;22;0.0000000000;0.4973637961;0.4934094903;4.9859402460;0.9812536614;5.3333333333;0.8333333333;0.0000000000;1.0000000000;0.0981067126;0.0292598967;0.0157969019;0.0120481928;0.0049053356;0.0172117040;0.0091187608;0.0447504303;0.0298433735;0.0430292599;0.0278795181;0.0137693632;0.0046764200;0.0172117040;0.0113975904;0.0223752151;0.0107074010;0.9771349398;1;1;3;1.0000000000;-0.0949792038;-0.9991000000;0.0945956707;0.8838814497;0.0130293053;0.0081226258;0.0004209601;0.6355944564;0.0000000000;-0.7096000000;0.0000102488;0.4257047772;0.0000780109;0.5742468834;0.0000100001;0.8602599170;0.3884135472;1.0000000000
https://www.usatoday.com/story/news/nation-now/2017/06/16/coconut-oil-isnt-healthy-its-never-been-healthy/402719001/;3.0000000000;1;0;0;0.0042826552;0.7858672377;0.0000000000;1.0000000000;0;1;0.0000000000;1.0000000000;0;1;0.0043572985;0.1285403050;0;1.0000000000;9.6317596567;57.9306305711;13.1778144602;11.9871703427;10.4751006933;11.1905961931;0.8812117879;459;0.3180000000;8;1.0000000000;26;0.1000000000;0.5599128540;0.6497821351;4.9607843137;0.9477124183;5.2500000000;0.7500000000;0.0000000000;1.0000000000;0.1648822270;0.0214132762;0.0079122056;0.0278372591;0.0110128480;0.0578158458;0.0280385439;0.0385438972;0.0159935760;0.0620985011;0.0216680942;0.0342612420;0.0114646681;0.0085653105;0.0013875803;0.0578158458;0.0285096360;0.9748025696;0;0;8;1.0000000000;0.0408108108;0.8590000000;0.0001398858;0.9985749125;0.0004165669;0.0009075381;0.0000111998;0.7606163048;0.5000000000;-0.5448000000;0.0000100009;0.9999986887;0.0000213198;0.0000100003;0.0000100000;0.9701266664;0.4916216216;0.6945945946
https://web.archive.org/web/20180401082218/http://mysticalraven.com/health/5110/how-your-finger-shape-determines-your-personality-and-your-health-risks;1.0000000000;0;0;0;0.0018975332;0.9051233397;0.0571428571;0.9523809524;0;1;0.0285714286;0.4761904762;0;1;0.0000000000;1.0000000000;0;1.0000000000;5.8157460317;80.3885423729;9.5337315039;9.2792174217;5.7762792575;6.7428412203;0.5280181199;516;0.4320000000;11;0.9000000000;35;1.0000000000;0.4689922481;0.4224806202;4.3158914729;0.0878552972;5.5454545455;1.0000000000;0.0000000000;1.0000000000;0.1195445920;0.0151802657;0.0068975332;0.0227703985;0.0112599620;0.0113851992;0.0039582543;0.0151802657;0.0051764706;0.0170777989;0.0067533207;0.0455407970;0.0241840607;0.0170777989;0.0056925996;0.0474383302;0.0273510436;0.9817453510;0;0;0;0.0000000000;0.1632711373;0.9984000000;0.0013550445;0.0359212421;0.1330303699;0.8162983060;0.0134450663;0.6627999631;0.0000000000;-0.2732000000;0.0000356970;0.9891407490;0.0061435685;0.0047073793;0.0000227830;0.9999805067;0.5302191070;0.5659363099
http://inshapetoday.com/now-official-fda-announced-vaccines-causing-autism/;1.0000000000;0;0;0;0.0347322721;0.0000000000;0.1481481481;0.3456790123;0;1;0.0740740741;0.0000000000;0;1;0.0058479532;0.0000000000;0;1.0000000000;15.1524463519;32.5380352885;19.1109203624;16.0384048104;17.1330710539;15.0380185207;1.0000000000;684;0.7680000000;7;1.0000000000;27;0.2000000000;0.5687134503;0.6717836257;5.5833333333;1.0000000000;5.7142857143;1.0000000000;0.0000000000;1.0000000000;0.0810419682;0.0115774240;0.0060665702;0.0101302460;0.0052807525;0.0159189580;0.0060622287;0.0202604920;0.0088002894;0.0130246020;0.0056975398;0.0202604920;0.0095369030;0.0014471780;0.0009160637;0.0260492041;0.0128856729;0.9889507959;0;0;3;1.0000000000;0.0927651515;-0.9882000000;0.0134066287;0.9190660715;0.0207486674;0.0414191298;0.0054095816;0.6682612632;0.0000000000;0.0000000000;0.0000380241;0.0146377552;0.7274321318;0.2553938925;0.0025482567;0.9991379064;0.4755862193;0.7480459355
https://foodbabe.com/2016/11/15/monsanto/;2.0000000000;1;0;0;0.0061776062;0.6911196911;0.1232876712;0.5114155251;0;1;0.1643835616;0.0000000000;1;0;0.0117004680;0.0000000000;0;1.0000000000;8.0891547453;69.0053379658;12.7646577435;11.6721092851;9.4485876493;9.9046361451;0.7784477474;1282;1.0000000000;13;0.7000000000;73;1.0000000000;0.4375975039;0.3439937598;4.7714508580;0.6952678107;5.0000000000;0.5000000000;0.0000000000;1.0000000000;0.1042471042;0.0185328185;0.0105111969;0.0200772201;0.0086555985;0.0254826255;0.0143181467;0.0239382239;0.0137722008;0.0216216216;0.0123235521;0.0332046332;0.0121799228;0.0023166023;0.0009953668;0.0386100386;0.0183250965;0.9817837838;0;0;26;1.0000000000;0.1021273803;-0.9513000000;0.0873051435;0.1054906100;0.7191253304;0.0600672550;0.0280615967;0.6606777533;0.0000000000;0.0000000000;0.0010083967;0.0042940956;0.6992336512;0.2954852581;0.0000286148;0.9996543295;0.4436093718;0.8546354274
https://web.archive.org/web/20171230224727/http://nowcheckthis.com/2017/03/23/confirmed-e-cigarettes-cause-a-horrible-incurable-disease-called-popcorn-lung-worse-than-lung-cancer/;1.0000000000;1;0;0;0.0091533181;0.5423340961;0.0000000000;1.0000000000;0;1;0.0000000000;1.0000000000;1;0;0.0000000000;1.0000000000;-10;1.0000000000;10.8885647686;53.3825174825;14.7914751915;13.0711752754;12.0378521479;11.7800620559;0.9424915557;423;0.2460000000;14;0.6000000000;21;0.0000000000;0.5933806147;0.7334515366;5.0212765957;1.0000000000;6.2142857143;1.0000000000;0.0000000000;1.0000000000;0.0778032037;0.0251716247;0.0121784897;0.0091533181;0.0037894737;0.0274599542;0.0159336384;0.0274599542;0.0194073227;0.0228832952;0.0156681922;0.0160183066;0.0065766590;0.0091533181;0.0039336384;0.0320366133;0.0180572082;0.9808910755;0;0;0;0.0000000000;0.0828557312;0.6387000000;0.0061336574;0.8522967100;0.1249620989;0.0164866615;0.0001708904;0.9054318174;-0.4000000000;-0.9060000000;0.9999657869;0.0000102239;0.0000540301;0.0000100000;0.0000100145;0.3960080662;0.5044884463;0.6517051789
http://www.bbc.com/earth/story/20170504-there-are-diseases-hidden-in-ice-and-they-are-waking-up?ocid=fbert;3.0000000000;0;0;0;0.0277777778;0.0000000000;0.0000000000;1.0000000000;0;1;0.0000000000;1.0000000000;0;1;0.0000000000;1.0000000000;0;1.0000000000;8.0458823529;67.6564705882;9.1529411765;8.4772255751;10.8970588235;12.2038963529;0.7454283732;34;0.0000000000;2;1.0000000000;2;0.0000000000;0.8529411765;1.0000000000;5.0588235294;1.0000000000;4.0000000000;0.0000000000;0.0000000000;1.0000000000;0.1388888889;0.0000000000;0.0000000000;0.0555555556;0.0281944444;0.0000000000;0.0000000000;0.0000000000;0.0000000000;0.0000000000;0.0000000000;0.1111111111;0.0640000000;0.0277777778;0.0240833333;0.0555555556;0.0325833333;0.9702277778;1;1;0;0.0000000000;0.3800000000;0.8225000000;0.0004148123;0.0001000126;0.0000868486;0.0055382489;0.9939100742;0.4535583712;0.0000000000;0.0000000000;0.9897285700;0.0102730254;0.0000283100;0.0000100000;0.0000100843;0.6700871152;0.5400000000;0.5333333333
https://en.newsner.com/family/mom-s-warning-is-spreading-like-wildfire-scented-candles-are-harmful-your-baby-s-health/;1.0000000000;0;0;0;0.0085287846;0.5735607676;0.0000000000;1.0000000000;0;1;0.0769230769;0.0000000000;0;1;0.0000000000;1.0000000000;0;1.0000000000;7.7072961373;71.7280554638;10.7743809838;9.9614322134;9.0600792341;9.4241173519;0.7188442589;455;0.3100000000;14;0.6000000000;26;0.1000000000;0.5428571429;0.6071428571;4.7054945055;0.6073260073;5.5000000000;1.0000000000;0.0000000000;1.0000000000;0.1428571429;0.0042643923;0.0021599147;0.0191897655;0.0105948827;0.0277185501;0.0105394456;0.0277185501;0.0116119403;0.0213219616;0.0101407249;0.0554371002;0.0198486141;0.0127931770;0.0050170576;0.0191897655;0.0116567164;0.9836861407;0;0;1;0.3333333333;0.0676985371;0.9455000000;0.0557057075;0.8429725766;0.0822574794;0.0181696750;0.0009445312;0.6841165871;0.0000000000;0.0258000000;0.0056859427;0.9786978960;0.0044456883;0.0110844029;0.0001359787;0.9980593595;0.5091572221;0.6361425930
https://web.archive.org/web/20180227035101/http://www.wfaa.com/news/health/resorts-in-mexico-suspected-of-drugging-tourists/458170922;4.0000000000;1;0;0;0.0045781557;0.7710922171;0.0481283422;1.0000000000;0;1;0.0000000000;1.0000000000;0;1;0.0013110456;0.7377908882;0;1.0000000000;7.2963396791;72.5159816043;11.3052919786;10.6101536451;8.4574741733;9.3085496083;0.7109884470;3051;1.0000000000;7;1.0000000000;187;1.0000000000;0.3526712553;0.1316781383;4.7109144543;0.6145526057;6.0000000000;1.0000000000;0.0000000000;1.0000000000;0.1020274689;0.0124264225;0.0050568999;0.0183126226;0.0091141269;0.0068672335;0.0029643558;0.0323741007;0.0151455199;0.0261608895;0.0131419228;0.0304120340;0.0125111184;0.0075212557;0.0032442773;0.0376062786;0.0188989536;0.9839845651;1;1;3;1.0000000000;0.0046801672;-0.9993000000;0.0935228467;0.7940552831;0.1097860187;0.0024026528;0.0002832151;0.6358646461;0.0000000000;-0.2263000000;0.9803059697;0.0050278120;0.0048733759;0.0000110713;0.0098318467;0.6699540612;0.4451664327;0.8494452244
https://web.archive.org/web/20180706134704/https://www.littlethings.com/hand-food-and-mouth-disease/;2.0000000000;1;0;0;0.0000000000;1.0000000000;0.0000000000;1.0000000000;0;1;0.0000000000;1.0000000000;0;1;0.0000000000;1.0000000000;0;1.0000000000;8.0408333333;73.4812500000;11.0629629630;9.7082039325;11.4309259259;11.1210802099;0.7770794788;80;0.0000000000;12;0.8000000000;4;0.0000000000;0.8000000000;1.0000000000;4.9000000000;0.8666666667;5.5000000000;1.0000000000;0.0000000000;1.0000000000;0.1086956522;0.0543478261;0.0207500000;0.0108695652;0.0059456522;0.0434782609;0.0299130435;0.0652173913;0.0385760870;0.0543478261;0.0341739130;0.0108695652;0.0053586957;0.0217391304;0.0097717391;0.0217391304;0.0090869565;0.9692847826;0;0;1;0.3333333333;0.2250000000;-0.1027000000;0.0018762529;0.5999040008;0.3831548989;0.0143076200;0.0008071399;0.9991055357;0.0000000000;0.0000000000;0.0000175273;0.9995205402;0.0004917450;0.0000101831;0.0000100002;0.9999908242;0.3125000000;1.0000000000
https://web.archive.org/web/20180706135022/http://www.alternativenewsnetwork.net/lead-developer-hpv-vaccines-comes-clean-warns-parents-young-girls-giant-deadly-scam/;1.0000000000;0;0;0;0.0103092784;0.4845360825;0.0588235294;0.9411764706;0;1;0.0000000000;1.0000000000;0;1;0.0015105740;0.6978851964;0;1.0000000000;10.3459933489;56.5615347240;14.0029541332;12.4868329805;12.0655428868;12.0349179163;0.9139983034;662;0.7240000000;17;0.3000000000;34;0.9000000000;0.6102719033;0.7756797583;5.1646525680;1.0000000000;4.7647058824;0.2647058824;0.0000000000;1.0000000000;0.1237113402;0.0250368189;0.0134815906;0.0382916053;0.0164064801;0.0191458027;0.0106995582;0.0353460972;0.0191104566;0.0279823270;0.0162798233;0.0397643594;0.0181384389;0.0073637703;0.0029337261;0.0441826215;0.0237893962;0.9758321060;1;1;1;0.3333333333;0.0640710383;-0.3090000000;0.0294978414;0.3353983164;0.3988340199;0.2019071728;0.0344127119;0.9786964823;0.0666666667;-0.3400000000;0.0218889564;0.9775221348;0.0006163321;0.0000117910;0.0000109575;0.9927000287;0.4252732240;0.9157559199
https://www.naturalnews.com/2017-10-02-lone-gunman-theory-of-las-vegas-shooter-is-complete-nonsense-stephen-paddock.html;2.0000000000;1;0;0;0.0050025013;0.7498749375;0.1573033708;0.2846441948;0;1;0.0000000000;1.0000000000;0;1;0.0010101010;0.7979797980;1;0.0000000000;10.3843902521;60.7766730488;14.3814603942;12.5222979004;12.0552659512;10.6135666746;0.8946845826;1980;1.0000000000;19;0.1000000000;89;1.0000000000;0.3691919192;0.1729797980;4.7964646465;0.7286195286;6.5789473684;1.0000000000;0.0000000000;1.0000000000;0.1285642821;0.0305152576;0.0177498749;0.0160080040;0.0076418209;0.0060030015;0.0032421211;0.0450225113;0.0273566783;0.0230115058;0.0132691346;0.0195097549;0.0078189095;0.0135067534;0.0074322161;0.0520260130;0.0277483742;0.9775481741;1;1;5;1.0000000000;0.0535208936;-0.9997000000;0.0516603030;0.9101405740;0.0375802666;0.0006016487;0.0000672627;0.6496241448;-0.3333333333;-0.5574000000;0.5250465274;0.0090490002;0.4649053812;0.0008518570;0.0001971968;0.7866520919;0.4834326493;0.7218911690
https://shareably.net/health-benefits-farting/;1.0000000000;1;0;0;0.0065252855;0.6737357259;0.0000000000;1.0000000000;0;1;0.0000000000;1.0000000000;0;1;0.0016447368;0.6710526316;0;1.0000000000;7.7548265460;72.1529185520;11.6360482655;10.6888001053;8.7980571267;8.8673641394;0.7193550094;608;0.6160000000;5;1.0000000000;34;0.9000000000;0.5476973684;0.6192434211;4.6134868421;0.4846491228;5.6000000000;1.0000000000;0.0000000000;1.0000000000;0.1207177814;0.0163132137;0.0058597064;0.0179445351;0.0072153344;0.0293637847;0.0158319739;0.0309951060;0.0133344209;0.0146818923;0.0086199021;0.0505709625;0.0209755302;0.0097879282;0.0034029364;0.0375203915;0.0184551387;0.9812610114;0;0;3;1.0000000000;0.2496502976;0.9956000000;0.0328234546;0.2916324735;0.5195137262;0.1330220997;0.0230583139;0.6509727438;0.7000000000;0.5719000000;0.0000100009;0.0000100000;0.1710333079;0.2915567458;0.5374399424;0.6395833522;0.4757506614;0.7474977954
https://electrek.co/2016/11/10/tesla-made-more-money-last-quarter-than-the-entire-us-oil-industry-made-last-year/;4.0000000000;1;0;0;0.0027777778;0.8611111111;0.0000000000;1.0000000000;0;1;0.0000000000;1.0000000000;0;1;0.0014184397;0.7163120567;0;1.0000000000;11.7543880389;60.0439539424;16.5135551514;13.6337633544;14.1061581256;10.2305686481;0.9178442273;705;0.8100000000;15;0.5000000000;26;0.1000000000;0.5092198582;0.5230496454;4.7276595745;0.6368794326;4.4666666667;0.0000000000;0.0000000000;1.0000000000;0.0888888889;0.0083333333;0.0023375000;0.0125000000;0.0066722222;0.0069444444;0.0018333333;0.0097222222;0.0032208333;0.0125000000;0.0044166667;0.0333333333;0.0114944444;0.0125000000;0.0055111111;0.0222222222;0.0124000000;0.9904227778;1;1;6;1.0000000000;0.2092364117;0.9972000000;0.0255935397;0.2689683735;0.4203522205;0.2351847589;0.0499510989;0.6433517871;0.1250000000;0.0000000000;0.9357594252;0.0112928571;0.0000535520;0.0028962668;0.0500479303;0.6713975482;0.4456866282;0.8477112394
https://edition.cnn.com/2017/07/10/health/coffee-leads-to-longer-life-studies-reaffirm/index.html;4.0000000000;1;0;0;0.0000000000;1.0000000000;0.0263157895;1.0000000000;0;1;0.0000000000;1.0000000000;0;1;0.0000000000;1.0000000000;0;1.0000000000;11.5199720315;51.2795537757;14.0781083143;12.3611740154;13.0374904653;12.2689857391;0.9406010937;810;1.0000000000;11;0.9000000000;38;1.0000000000;0.4481481481;0.3703703704;5.1407407407;1.0000000000;4.4545454545;0.0000000000;0.0000000000;1.0000000000;0.1498172960;0.0255785627;0.0107137637;0.0255785627;0.0121607795;0.0158343484;0.0095931790;0.0438489647;0.0288867235;0.0341047503;0.0189768575;0.0682095006;0.0245225335;0.0073081608;0.0032545676;0.0365408039;0.0199147381;0.9743953715;0;0;0;0.0000000000;0.0671219336;-0.7024000000;0.0666557774;0.8792599440;0.0495202579;0.0040904777;0.0005236290;0.8426735312;0.5000000000;0.0000000000;0.0012403693;0.9987657070;0.0000102911;0.0000236558;0.0000100168;0.9995832046;0.4420440115;0.8598532949
https://www.simplemost.com/new-study-says-putting-kids-to-bed-earlier-is-better-for-moms-sanity/;3.0000000000;1;0;0;0.0016181230;0.9190938511;0.0312500000;1.0000000000;0;1;0.0625000000;0.0000000000;0;1;0.0016393443;0.6721311475;0;1.0000000000;7.2188461538;78.0386538462;11.1974358974;10.0489360899;9.1828846154;8.7266242115;0.6851761019;610;0.6200000000;8;1.0000000000;32;0.7000000000;0.5852459016;0.7131147541;4.5590163934;0.4120218579;5.0000000000;0.5000000000;0.0000000000;1.0000000000;0.1262135922;0.0032362460;0.0010517799;0.0372168285;0.0188495146;0.0016181230;0.0004805825;0.0161812298;0.0059190939;0.0080906149;0.0028980583;0.0550161812;0.0262880259;0.0145631068;0.0050194175;0.0566343042;0.0295436893;0.9819899676;0;0;7;1.0000000000;0.1951955782;0.9973000000;0.0034486065;0.4628165960;0.2779582143;0.2528134882;0.0030131678;0.6663127419;0.1000000000;0.4215000000;0.0000201203;0.9950960279;0.0025336663;0.0023794386;0.0000208055;0.9999863581;0.3919773679;1.0000000000
https://www.theatlantic.com/health/archive/2017/08/if-everyone-ate-beans-instead-of-beef/535536/;3.5000000000;1;0;0;0.0048123195;0.7593840231;0.0444444444;1.0000000000;0;1;0.0000000000;1.0000000000;0;1;0.0000000000;1.0000000000;0;1.0000000000;11.1344611481;56.8328218628;15.3936018607;13.2956301410;13.0448948092;11.3917501741;0.9362486262;1032;1.0000000000;7;1.0000000000;45;1.0000000000;0.4883720930;0.4709302326;4.9525193798;0.9366925065;4.4285714286;0.0000000000;0.0000000000;1.0000000000;0.1097208855;0.0105871030;0.0038277190;0.0230991338;0.0113012512;0.0048123195;0.0019326275;0.0307988450;0.0105149182;0.0144369586;0.0067507218;0.0327237729;0.0133917228;0.0038498556;0.0015871030;0.0423484119;0.0217151107;0.9857957652;0;0;8;1.0000000000;0.1325936468;0.9906000000;0.0231686812;0.5201357603;0.3235765696;0.1186885685;0.0144803748;0.6603836480;0.0000000000;0.0000000000;0.0005208154;0.9198403358;0.0796598569;0.0000182115;0.0000106824;0.9998228341;0.4584384945;0.8052050182
https://web.archive.org/web/20180129102608/https://publichealthabc.com/2-cups-day-1-week-stomach-will-flatter/;1.0000000000;0;0;0;0.0077519380;0.6124031008;0.1200000000;0.5333333333;0;1;0.0000000000;1.0000000000;1;0;0.0107238606;0.0000000000;-10;1.0000000000;8.0697489362;63.9944000000;12.5053617021;11.5556998545;9.0387234043;10.8805923617;0.8024985307;373;0.1460000000;14;0.6000000000;25;0.0000000000;0.6327077748;0.8317694370;4.9195710456;0.8927613941;3.5000000000;0.0000000000;0.0000000000;1.0000000000;0.1136950904;0.0077519380;0.0034108527;0.0387596899;0.0161136951;0.0258397933;0.0073281654;0.0310077519;0.0092687339;0.0284237726;0.0111343669;0.0490956072;0.0143695090;0.0180878553;0.0027829457;0.0516795866;0.0207519380;0.9829679587;0;0;1;0.3333333333;0.1338289162;0.9612000000;0.0051828874;0.4979482889;0.0894060880;0.4065868855;0.0009257921;0.6904971068;0.0000000000;0.3453000000;0.5033923388;0.1516577452;0.3445408642;0.0003946960;0.0000643959;0.8321810884;0.4486236802;0.8379210659
https://web.archive.org/web/20180316233756/https://www.ntd.tv/inspiring/life/9-sleeping-positions-improve-health.html;2.0000000000;0;0;0;0.0000000000;1.0000000000;0.0000000000;1.0000000000;0;1;0.0303030303;0.4377104377;0;1;0.0000000000;1.0000000000;0;1.0000000000;5.5480519481;77.5766732702;9.5581187174;9.5366101863;6.6669220045;9.0987950920;0.5913457364;407;0.2140000000;9;1.0000000000;33;0.8000000000;0.5773955774;0.6934889435;4.7199017199;0.6265356265;4.8888888889;0.3888888889;0.0000000000;1.0000000000;0.1129807692;0.0024038462;0.0020865385;0.0120192308;0.0054110577;0.0048076923;0.0019903846;0.0528846154;0.0232572115;0.0192307692;0.0127740385;0.0288461538;0.0133846154;0.0000000000;0.0000000000;0.0312500000;0.0171802885;0.9847831731;0;0;6;1.0000000000;0.0254593555;0.4936000000;0.0358954705;0.7076230645;0.1968001127;0.0579417460;0.0017895154;0.9874383380;0.0000000000;0.4404000000;0.0000100071;0.0000138081;0.0000195021;0.9999798536;0.0000268269;0.9999877220;0.3905579606;1.0000000000
https://qz.com/1064364/hurricane-harvey-houstons-flooding-made-worse-by-unchecked-urban-development-and-wetland-destruction/;4.0000000000;1;0;0;0.0052083333;0.7395833333;0.0000000000;1.0000000000;0;1;0.0000000000;1.0000000000;0;1;0.0000000000;1.0000000000;0;1.0000000000;9.4935294118;62.6208823529;13.4117647059;12.0097985876;11.4550588235;11.2889903882;0.8723649519;1330;1.0000000000;14;0.6000000000;68;1.0000000000;0.4917293233;0.4793233083;4.9917293233;0.9889724311;5.6428571429;1.0000000000;0.0000000000;1.0000000000;0.1071428571;0.0186011905;0.0096153274;0.0178571429;0.0083913690;0.0089285714;0.0035818452;0.0334821429;0.0164724702;0.0208333333;0.0108794643;0.0215773810;0.0076406250;0.0074404762;0.0043072917;0.0364583333;0.0184553571;0.9841312500;0;0;16;1.0000000000;0.1418893862;0.6984000000;0.0268107913;0.8844277263;0.0669046640;0.0212502461;0.0006564758;0.8585775776;0.0000000000;-0.3612000000;0.0003231399;0.0508344471;0.0018076507;0.9470704794;0.0000141582;0.9998875673;0.4842079253;0.7193069157
http://www.independent.co.uk/life-style/health-and-families/donald-trump-mental-illness-narcisissm-us-president-psychologists-inauguration-crowd-size-paranoia-a7552661.html;3.5000000000;1;0;0;0.0052137643;0.7393117831;0.0454545455;1.0000000000;0;1;0.0000000000;1.0000000000;0;1;0.0000000000;1.0000000000;0;1.0000000000;12.8964049587;41.7861983471;16.4859504132;14.2613579029;14.3850826446;13.8328734587;0.9736569379;947;1.0000000000;12;0.8000000000;44;1.0000000000;0.5501583949;0.6253959873;5.4139387540;1.0000000000;7.0000000000;1.0000000000;0.0000000000;1.0000000000;0.1480709072;0.0187695516;0.0094223149;0.0187695516;0.0081167883;0.0114702815;0.0042606882;0.0396246090;0.0194296142;0.0145985401;0.0077674661;0.0271115746;0.0133242961;0.0198123045;0.0086423358;0.0594369135;0.0325714286;0.9792930136;0;0;5;1.0000000000;0.0697614097;0.9901000000;0.0834494233;0.2076821327;0.5925652981;0.0957246348;0.0206284672;0.6385740365;0.0333333333;-0.4019000000;0.7791619897;0.0179296955;0.1856274605;0.0040069656;0.0133239450;0.7358380218;0.4632193879;0.7892687069
http://info.cmsri.org/the-driven-researcher-blog/vaccinated-vs.-unvaccinated-guess-who-is-sicker;1.0000000000;1;1;1;0.0082236842;0.5888157895;0.1428571429;0.3809523810;0;1;0.0000000000;1.0000000000;0;1;0.0013201320;0.7359735974;0;1.0000000000;14.9041013375;37.1244847204;18.8010588891;15.6878738509;17.0449549508;14.0102288183;0.9952708159;3030;1.0000000000;10;1.0000000000;112;1.0000000000;0.3712871287;0.1782178218;5.3501650165;1.0000000000;6.6000000000;1.0000000000;0.0000506303;0.0000000000;0.0983552632;0.0105263158;0.0046299342;0.0177631579;0.0080947368;0.0148026316;0.0088148026;0.0332236842;0.0171384868;0.0213815789;0.0118398026;0.0213815789;0.0087680921;0.0072368421;0.0040858553;0.0375000000;0.0183036184;0.9836649342;1;1;46;1.0000000000;0.0760938073;-0.9652000000;0.0039346144;0.8989815116;0.0728341937;0.0238463581;0.0004533311;0.6884040182;0.0000000000;0.0000000000;0.0036806595;0.9317167997;0.0333708562;0.0238354094;0.0074461955;0.9962910484;0.4358442017;0.8805193277
https://medicalxpress.com/news/2017-08-reverse-aging-brain.html;5.0000000000;1;0;0;0.0000000000;1.0000000000;0.0000000000;1.0000000000;0;1;0.0000000000;1.0000000000;0;1;0.0000000000;1.0000000000;0;1.0000000000;12.0289215686;47.2520701357;16.0460989990;13.9544511501;13.6388893459;13.1390530624;0.9690068356;558;0.5160000000;10;1.0000000000;26;0.1000000000;0.5376344086;0.5940860215;5.1881720430;1.0000000000;4.2000000000;0.0000000000;0.0000000000;1.0000000000;0.1390845070;0.0088028169;0.0034137324;0.0123239437;0.0057095070;0.0052816901;0.0015422535;0.0193661972;0.0096179577;0.0193661972;0.0067570423;0.0616197183;0.0287852113;0.0000000000;0.0000000000;0.0563380282;0.0266478873;0.9835052817;0;0;2;0.6666666667;0.0776511987;0.9858000000;0.0088408813;0.3886824548;0.4669068158;0.1336917281;0.0019281027;0.6725436720;0.0000000000;0.0000000000;0.0243167896;0.6653959751;0.1455300897;0.1575329006;0.0072742249;0.9894696618;0.4402970811;0.8656763964
https://web.archive.org/web/20180706132812/http://www.nationspressph.com/2017/02/pls-share-do-not-eat-this-fish-it-is.html;1.0000000000;0;0;0;0.0194805195;0.0259740260;0.0000000000;1.0000000000;0;1;0.0000000000;1.0000000000;1;0;0.0034013605;0.3197278912;-10;1.0000000000;11.4290909091;60.8877657935;15.4730354391;12.7700842092;13.1022434515;9.4655783492;0.8891956351;294;0.0000000000;14;0.6000000000;11;0.0000000000;0.5238095238;0.5595238095;4.5034013605;0.3378684807;3.8571428571;0.0000000000;0.0000000000;1.0000000000;0.1071428571;0.0032467532;0.0021818182;0.0064935065;0.0033733766;0.0194805195;0.0106006494;0.0324675325;0.0187402597;0.0162337662;0.0079448052;0.0454545455;0.0182045455;0.0000000000;0.0000000000;0.0357142857;0.0185129870;0.9840883117;0;0;1;0.3333333333;0.0200000000;-0.8372000000;0.0025100047;0.9162086844;0.0583068728;0.0226866361;0.0003377192;0.7742507587;-0.9750000000;-0.2926000000;0.0000110430;0.0001165666;0.9996974468;0.0002145125;0.0000104904;0.6833261555;0.4990123457;0.6699588477
https://dailyhealthpost.com/preventing-alzheimers/;3.0000000000;1;0;0;0.0048810250;0.7559487492;0.0000000000;1.0000000000;0;1;0.0123456790;0.8367626886;0;1;0.0006157635;0.8768472906;0;1.0000000000;11.1307971014;51.6741062802;14.8927536232;13.1470667172;12.5583816425;12.4210953213;0.9511933839;1624;1.0000000000;15;0.5000000000;81;1.0000000000;0.4507389163;0.3768472906;5.1656403941;1.0000000000;4.4666666667;0.0000000000;0.0000000000;1.0000000000;0.1439902379;0.0250152532;0.0100000000;0.0286760220;0.0143575351;0.0262355095;0.0143672971;0.0732153752;0.0396070775;0.0585723002;0.0353068944;0.0250152532;0.0094643075;0.0054911531;0.0021683954;0.0341671751;0.0186729713;0.9712111043;0;0;17;1.0000000000;0.0490212499;-0.9354000000;0.0317375734;0.6914829612;0.2188145667;0.0565611497;0.0014537645;0.6986695540;0.0000000000;-0.1280000000;0.0000208998;0.3194513619;0.0283852983;0.6521823406;0.0000100566;0.9999896812;0.4092203148;0.9692656172
https://web.archive.org/web/20180318054055/http://ewao.com/2017/09/16/six-pharmaceutical-medicines-that-instantly-make-your-health-worse/;1.0000000000;1;0;0;0.0073529412;0.6323529412;0.0172413793;1.0000000000;0;1;0.0172413793;0.7279693487;0;1;0.0021186441;0.5762711864;0;1.0000000000;10.1091842458;51.8502597062;12.7843760177;11.7493842148;11.3981090567;13.1242702288;0.9145822689;944;1.0000000000;8;1.0000000000;58;1.0000000000;0.5169491525;0.5423728814;5.2870762712;1.0000000000;6.7500000000;1.0000000000;0.0000000000;1.0000000000;0.1250000000;0.0336134454;0.0175514706;0.0241596639;0.0119201681;0.0252100840;0.0131628151;0.0598739496;0.0342342437;0.0388655462;0.0246323529;0.0231092437;0.0093172269;0.0115546218;0.0051785714;0.0315126050;0.0162731092;0.9735460084;0;0;5;1.0000000000;0.0680203098;-0.9994000000;0.2126014680;0.1536130756;0.5846342444;0.0249842741;0.0242169686;0.5881271878;-0.2000000000;-0.5423000000;0.9757536054;0.0242562220;0.0000144034;0.0000102990;0.0000155378;0.6465436189;0.4576464564;0.8078451455
https://mic.com/articles/176092/under-the-gop-s-health-plan-sexual-assault-would-be-considered-a-preexisting-condition;3.0000000000;0;0;0;0.0000000000;1.0000000000;0.0000000000;1.0000000000;0;1;0.0000000000;1.0000000000;0;1;0.0049019608;0.0196078431;0;1.0000000000;12.2075457360;51.3348789755;17.2037151703;14.6568586223;15.0338544892;13.1688051746;0.9751997765;408;0.2160000000;13;0.7000000000;17;0.0000000000;0.5980392157;0.7450980392;5.2843137255;1.0000000000;5.7692307692;1.0000000000;0.0000000000;1.0000000000;0.1140142518;0.0308788599;0.0183610451;0.0261282660;0.0135415677;0.0071258907;0.0021710214;0.0332541568;0.0197292162;0.0213776722;0.0113705463;0.0356294537;0.0129786223;0.0071258907;0.0017078385;0.0403800475;0.0194655582;0.9801349169;1;1;6;1.0000000000;0.2170485764;-0.9441000000;0.0492414758;0.1336873621;0.4881598949;0.2938485444;0.0351127423;0.6758152606;0.5000000000;-0.5859000000;0.0000111528;0.0278715137;0.3319386542;0.6402177811;0.0000108791;0.9427259894;0.4755709568;0.7480968106
https://web.archive.org/web/20180316231035/https://dailyoccupation.com/2017/06/12/world-renowned-heart-surgeon-speaks-really-causes-heart-disease/;2.0000000000;0;0;0;0.0060975610;0.6951219512;0.0449438202;1.0000000000;0;1;0.0112359551;0.8614232210;0;1;0.0000000000;1.0000000000;0;1.0000000000;10.2606631954;54.3191901891;14.2000548095;12.7150410432;11.3420989997;12.0035556543;0.9235083139;1628;1.0000000000;12;0.8000000000;89;1.0000000000;0.4115479115;0.2788697789;5.0472972973;1.0000000000;5.3333333333;0.8333333333;0.0000000000;1.0000000000;0.1396341463;0.0256097561;0.0107487805;0.0146341463;0.0067689024;0.0347560976;0.0193676829;0.0469512195;0.0274548780;0.0487804878;0.0239719512;0.0426829268;0.0179006098;0.0079268293;0.0027762195;0.0347560976;0.0186500000;0.9744721951;1;1;2;0.6666666667;0.0478268722;0.9963000000;0.1313793659;0.7115879059;0.1357079893;0.0160515569;0.0053232079;0.6235658087;0.2000000000;0.8651000000;0.0000112806;0.0000100088;0.0007620196;0.0061469031;0.9931198359;0.4255562945;0.4462711131;0.8457629562
https://www.nytimes.com/2017/03/23/well/move/the-best-exercise-for-aging-muscles.html;5.0000000000;1;0;0;0.0038986355;0.8050682261;0.0000000000;1.0000000000;0;1;0.0000000000;1.0000000000;0;1;0.0000000000;1.0000000000;0;1.0000000000;13.9149541585;45.6650791312;18.8553154333;15.6491106407;16.3051560795;12.6099013242;0.9946834946;507;0.4140000000;6;1.0000000000;18;0.0000000000;0.5266272189;0.5665680473;5.0355029586;1.0000000000;5.0000000000;0.5000000000;0.0000000000;1.0000000000;0.1052631579;0.0058479532;0.0028927875;0.0155945419;0.0064463938;0.0116959064;0.0028966862;0.0136452242;0.0033567251;0.0233918129;0.0060331384;0.0545808967;0.0174483431;0.0233918129;0.0094561404;0.0389863548;0.0198576998;0.9863224172;1;1;2;0.6666666667;0.1457513803;0.9916000000;0.0053722286;0.3517177403;0.4584265649;0.1774709076;0.0070624496;0.6681217739;1.0000000000;0.6369000000;0.0001258119;0.0000100747;0.0005108978;0.0000106213;0.9993926287;0.2422271865;0.5244996549;0.5850011502
https://www.theguardian.com/environment/2017/may/19/arctic-stronghold-of-worlds-seeds-flooded-after-permafrost-melts;4.0000000000;1;0;0;0.0054151625;0.7292418773;0.0416666667;1.0000000000;0;1;0.0000000000;1.0000000000;0;1;0.0000000000;1.0000000000;0;1.0000000000;9.8031363636;65.5960378788;14.2575757576;12.3541434669;12.0968242424;10.4578892855;0.8637900507;545;0.4900000000;9;1.0000000000;24;0.0000000000;0.5211009174;0.5527522936;4.7376146789;0.6501529052;6.3333333333;1.0000000000;0.0000000000;1.0000000000;0.0703971119;0.0072202166;0.0043122744;0.0126353791;0.0067833935;0.0054151625;0.0023140794;0.0198555957;0.0080000000;0.0162454874;0.0072924188;0.0216606498;0.0085288809;0.0090252708;0.0042996390;0.0234657040;0.0122129964;0.9892512635;1;1;3;1.0000000000;0.1042892157;0.9832000000;0.0501933470;0.7057555318;0.1569428295;0.0694687366;0.0176894609;0.6552390640;0.0000000000;0.1280000000;0.0000100000;0.0000103719;0.0000103391;1.0000091791;0.0000100913;0.9999933029;0.4719771242;0.7600762527
https://www.today.com/health/birth-order-first-borns-get-intellectual-advantage-t108042;4.0000000000;0;0;0;0.0000000000;1.0000000000;0.0000000000;1.0000000000;0;1;0.0000000000;1.0000000000;0;1;0.0016611296;0.6677740864;0;1.0000000000;12.5914710744;47.8908429752;16.5560330579;14.1713920350;15.3177024793;13.7461815636;0.9722938187;602;0.6040000000;10;1.0000000000;25;0.0000000000;0.5215946844;0.5539867110;5.2674418605;1.0000000000;6.9000000000;1.0000000000;0.0000000000;1.0000000000;0.1176470588;0.0065359477;0.0018218954;0.0441176471;0.0262549020;0.0016339869;0.0006764706;0.0310457516;0.0075767974;0.0081699346;0.0029460784;0.0620915033;0.0289869281;0.0065359477;0.0030506536;0.0588235294;0.0300571895;0.9797258170;0;0;5;1.0000000000;0.0919731602;0.9778000000;0.0129966727;0.2519646883;0.5481143594;0.1825107485;0.0044635800;0.6756465825;0.1500000000;0.6486000000;0.0000320525;0.0047673285;0.9949256182;0.0003003534;0.0000247623;0.9009143950;0.3737779776;1.0000000000
http://www.breitbart.com/big-government/2017/06/13/delingpole-ship-of-fools-iii-global-warming-study-cancelled-because-of-unprecedented-ice/;2.0000000000;1;0;0;0.0060606061;0.6969696970;0.0740740741;0.8395061728;0;1;0.0000000000;1.0000000000;0;1;0.0030721966;0.3855606759;1;0.0000000000;10.3486157478;64.3403889170;13.4655426291;11.2327260235;12.4725807902;10.0753281335;0.8536996777;651;0.7020000000;9;1.0000000000;27;0.2000000000;0.5192012289;0.5480030722;4.6804915515;0.5739887353;6.8888888889;1.0000000000;0.0005175983;0.0000000000;0.1030303030;0.0030303030;0.0015363636;0.0439393939;0.0224787879;0.0015151515;0.0010530303;0.0212121212;0.0078727273;0.0075757576;0.0029136364;0.0287878788;0.0132818182;0.0196969697;0.0110424242;0.0333333333;0.0171030303;0.9845436364;1;1;7;1.0000000000;0.0997983871;0.9916000000;0.1691437066;0.4961231351;0.1805089563;0.0801953524;0.0740788877;0.5911924686;0.3000000000;-0.1027000000;0.0000100006;0.0000100000;0.0000100209;0.0010518689;0.9989681244;0.6670072917;0.4038978495;0.9870071685
https://web.archive.org/web/20180706135613/https://www.ntd.tv/inspiring/parenting/sam-berns-boy-aging-disease-progeria-dies-17.html;2.0000000000;0;0;0;0.0021052632;0.8947368421;0.0000000000;1.0000000000;0;1;0.0000000000;1.0000000000;1;0;0.0021739130;0.5652173913;0;1.0000000000;10.6383582601;62.0061593789;13.9568900559;11.7959320741;12.1060258020;9.7005615640;0.8685968003;460;0.3200000000;15;0.5000000000;19;0.0000000000;0.5630434783;0.6576086957;4.5565217391;0.4086956522;4.2666666667;0.0000000000;0.0000000000;1.0000000000;0.1115789474;0.0147368421;0.0056673684;0.0231578947;0.0118084211;0.0147368421;0.0072084211;0.0210526316;0.0125515789;0.0294736842;0.0155957895;0.0610526316;0.0299494737;0.0147368421;0.0049326316;0.0357894737;0.0220400000;0.9780492632;0;0;3;1.0000000000;0.1790190870;0.9863000000;0.0679155439;0.0683500767;0.0724157169;0.1286534518;0.6627151966;0.4322564198;0.4875000000;0.5411000000;0.0000144186;0.1903000027;0.0256895144;0.7835186124;0.0005274496;0.9724193773;0.5472353404;0.5092155319
http://www.iflscience.com/health-and-medicine/coconut-oil-bad/;1.0000000000;1;0;0;0.0086021505;0.5698924731;0.0000000000;1.0000000000;0;1;0.0476190476;0.0529100529;0;1;0.0000000000;1.0000000000;0;1.0000000000;10.6376762722;58.3193919886;14.6272634376;12.7833678104;11.7800020437;10.4734043863;0.9087165197;455;0.3100000000;10;1.0000000000;21;0.0000000000;0.5384615385;0.5961538462;4.8329670330;0.7772893773;4.3000000000;0.0000000000;0.0000000000;1.0000000000;0.1053763441;0.0236559140;0.0095806452;0.0215053763;0.0095935484;0.0408602151;0.0184365591;0.0301075269;0.0147548387;0.0387096774;0.0165913978;0.0279569892;0.0113870968;0.0129032258;0.0031784946;0.0365591398;0.0200580645;0.9792838710;0;0;3;1.0000000000;-0.0293148148;-0.9211000000;0.0036480932;0.9918044209;0.0027794470;0.0017382755;0.0000797284;0.7180240595;-0.7000000000;-0.6214000000;0.3601974249;0.6395553350;0.0002644025;0.0000228067;0.0000101049;0.6656641567;0.5087094017;0.6376353276
https://www.huffingtonpost.com/entry/vivek-murthy-report-on-drugs-and-alcohol_us_582dce19e4b099512f812e9c;4.0000000000;1;0;0;0.0010256410;0.9487179487;0.0232558140;1.0000000000;0;1;0.0000000000;1.0000000000;0;1;0.0010405827;0.7918834547;0;1.0000000000;11.0826578073;56.1981561462;15.2795443759;13.2639581648;13.7556549597;12.6002260102;0.9378843002;961;1.0000000000;14;0.6000000000;43;1.0000000000;0.4745057232;0.4362643080;5.1768990635;1.0000000000;5.1428571429;0.6428571429;0.0000000000;1.0000000000;0.1312820513;0.0225641026;0.0064164103;0.0297435897;0.0143671795;0.0153846154;0.0080964103;0.0512820513;0.0255425641;0.0297435897;0.0153158974;0.0287179487;0.0122800000;0.0123076923;0.0048697436;0.0461538462;0.0234707692;0.9779282051;0;0;9;1.0000000000;0.1114206451;0.8957000000;0.0470774174;0.6722291112;0.1415060610;0.1162123829;0.0230251327;0.7128324833;0.0250000000;0.4023000000;0.0012585201;0.9986956716;0.0000729572;0.0000128023;0.0000100096;0.9995771568;0.3792034022;1.0000000000
https://web.archive.org/web/20180213134413/http://awarenessact.com/stop-calling-your-drug-addiction-a-disease/;1.0000000000;1;0;0;0.0047393365;0.7630331754;0.0312500000;1.0000000000;0;1;0.0312500000;0.4166666667;0;1;0.0024096386;0.5180722892;0;1.0000000000;4.2440094340;88.2348349057;8.4132075472;8.5621488653;4.9236792453;6.5950035849;0.4294541663;415;0.2300000000;7;1.0000000000;32;0.7000000000;0.4987951807;0.4969879518;4.3012048193;0.0682730924;5.1428571429;0.6428571429;0.0000000000;1.0000000000;0.0805687204;0.0402843602;0.0152298578;0.0071090047;0.0038483412;0.0402843602;0.0246303318;0.0402843602;0.0270592417;0.0426540284;0.0279004739;0.0142180095;0.0071255924;0.0071090047;0.0033127962;0.0331753555;0.0184218009;0.9744943128;0;0;0;0.0000000000;0.0429012346;0.7518000000;0.1782489568;0.4440886974;0.3599593639;0.0086450931;0.0091079650;0.7696810261;0.0000000000;-0.2960000000;0.6400783062;0.3599382043;0.0000100043;0.0000100066;0.0000135281;0.7866360552;0.5917695473;0.3607681756
https://www.naturalnews.com/2017-10-02-five-things-that-just-dont-add-up-about-the-las-vegas-mass-shooting.html;2.0000000000;1;0;0;0.0026548673;0.8672566372;0.1500000000;0.3333333333;0;1;0.0000000000;1.0000000000;0;1;0.0053715309;0.0000000000;0;1.0000000000;7.7347979664;73.1818255968;11.5364633068;10.5166481892;9.4586074271;9.4242315915;0.7332734431;1117;1.0000000000;13;0.7000000000;60;1.0000000000;0.4422560430;0.3556401074;4.6284691137;0.5046254849;4.3076923077;0.0000000000;0.0000000000;1.0000000000;0.1088495575;0.0327433628;0.0202982301;0.0141592920;0.0077433628;0.0070796460;0.0048265487;0.0539823009;0.0360769912;0.0345132743;0.0224070796;0.0203539823;0.0090141593;0.0044247788;0.0020884956;0.0274336283;0.0140477876;0.9766994690;0;0;1;0.3333333333;0.0677403909;-0.9987000000;0.0391601883;0.8170066476;0.1433565319;0.0004169449;0.0001097002;0.6544433705;0.0000000000;0.0000000000;0.0104397638;0.5883201957;0.4012683034;0.0000116973;0.0000100332;0.9965167344;0.4319097905;0.8936340315
https://web.archive.org/web/20180301004857/https://www.npr.org/sections/health-shots/2017/07/16/537075018/dirt-is-good-why-kids-need-exposure-to-germs;4.0000000000;1;1;1;0.0055803571;0.7209821429;0.1428571429;0.3809523810;0;1;0.0000000000;1.0000000000;0;1;0.0000000000;1.0000000000;0;1.0000000000;7.4134022556;70.9188157895;11.4704260652;10.7804700556;8.5121005639;9.5960856831;0.7265466354;887;1.0000000000;9;1.0000000000;56;1.0000000000;0.4859075536;0.4647688839;4.7869222097;0.7158962796;4.0000000000;0.0000000000;0.0000000000;1.0000000000;0.1060267857;0.0089285714;0.0041473214;0.0223214286;0.0104430804;0.0245535714;0.0121741071;0.0223214286;0.0077890625;0.0111607143;0.0040814732;0.0357142857;0.0165792411;0.0122767857;0.0034720982;0.0312500000;0.0165200893;0.9849587054;0;0;2;0.6666666667;0.0886292335;0.9950000000;0.0014659911;0.4099444747;0.1070029810;0.4807957709;0.0008408197;0.6692310631;0.7000000000;0.1280000000;0.0000100003;0.0074062166;0.0000102066;0.9926136136;0.0000100001;0.8666599999;0.4825045020;0.7249849932
https://www.nytimes.com/interactive/2017/06/09/climate/antarctica-rift-update.html;5.0000000000;1;0;0;0.0013351135;0.9332443258;0.0000000000;1.0000000000;0;1;0.0000000000;1.0000000000;0;1;0.0000000000;1.0000000000;0;1.0000000000;10.6458382107;74.2112768255;15.2676978818;11.1009258730;16.0105487737;10.5482637933;0.8316357148;1487;1.0000000000;11;0.9000000000;48;1.0000000000;0.3194351042;0.0485877606;4.6772024210;0.5696032280;4.8181818182;0.3181818182;0.0000000000;1.0000000000;0.0674232310;0.0106809079;0.0047703605;0.0146862483;0.0072062750;0.0140186916;0.0046475300;0.0186915888;0.0096034713;0.0153538051;0.0071074766;0.0140186916;0.0041608812;0.0073431242;0.0031869159;0.0146862483;0.0070240320;0.9904586115;1;1;1;0.3333333333;0.0128424036;-0.9879000000;0.1006395891;0.6960519552;0.1784701794;0.0152587462;0.0096294964;0.6379769715;0.0000000000;-0.4215000000;0.0000419133;0.0000335028;0.9146682620;0.0100973248;0.0752089992;0.9749163625;0.4592456538;0.8025144873
http://www.iflscience.com/environment/heavy-monsoon-causing-extreme-flooding-in-south-asia-has-killed-1200-people-so-far/;3.0000000000;1;0;0;0.0042553191;0.7872340426;0.0000000000;1.0000000000;0;1;0.0000000000;1.0000000000;0;1;0.0021929825;0.5614035088;0;1.0000000000;10.0320553539;66.6342695100;13.6477313975;11.4292723042;12.2394487296;9.7764518060;0.8387741044;456;0.3120000000;14;0.6000000000;19;0.0000000000;0.5219298246;0.5548245614;4.6535087719;0.5380116959;5.0000000000;0.5000000000;0.0000000000;1.0000000000;0.0957446809;0.0234042553;0.0135021277;0.0148936170;0.0079595745;0.0106382979;0.0065680851;0.0425531915;0.0228276596;0.0340425532;0.0203297872;0.0127659574;0.0040574468;0.0000000000;0.0000000000;0.0170212766;0.0075765957;0.9834357447;1;1;4;1.0000000000;0.0431356838;-0.9730000000;0.0403801613;0.6742976904;0.2789960206;0.0062878495;0.0000883068;0.6711771773;-0.1062500000;-0.6705000000;0.0000527524;0.0445491709;0.9547353387;0.0007010821;0.0000116245;0.8863118744;0.5481303419;0.5062321937
https://www.nytimes.com/2017/03/22/climate/arctic-winter-sea-ice-record-low-global-warming.html;4.5000000000;1;0;0;0.0000000000;1.0000000000;0.0000000000;1.0000000000;0;1;0.0000000000;1.0000000000;0;1;0.0000000000;1.0000000000;0;1.0000000000;11.3272747748;63.2773986486;14.7756756757;11.7464278423;13.4914864865;9.4069165045;0.8647425499;542;0.4840000000;10;1.0000000000;20;0.0000000000;0.5110701107;0.5276752768;4.6088560886;0.4784747847;4.9000000000;0.4000000000;0.0000000000;1.0000000000;0.0851449275;0.0054347826;0.0023822464;0.0126811594;0.0071594203;0.0000000000;0.0000000000;0.0126811594;0.0036630435;0.0181159420;0.0079510870;0.0235507246;0.0087463768;0.0036231884;0.0010471014;0.0235507246;0.0111775362;0.9915746377;1;1;3;1.0000000000;0.0816258503;-0.7102000000;0.0211094227;0.2508556247;0.5525909662;0.1724044234;0.0030896266;0.8518003169;0.0000000000;-0.3818000000;0.9970210791;0.0004188876;0.0012672959;0.0000115742;0.0013311555;0.6672159218;0.3706190476;1.0000000000
