url;rating;score_authors;score_url_domain_ending;errors_grammar_spelling;score_errors;questions_text_per_sentence;score_tonality_questions_text;questions_title;score_tonality_questions_title;exclamations_text_per_sentence;score_tonality_exclamations_text;exclamations_title;score_tonality_exclamations_title;all_caps_text;score_tonality_all_caps_text;all_caps_title;score_tonality_all_caps_title;read_text_flesch_kincaid;read_text_flesch_read_ease;read_text_gunning_fog;read_text_smog;read_text_ari;read_text_coleman_liau;score_readability;word_count_text;score_ls_word_count_text;word_count_title;score_ls_word_count_title;sentence_count;score_ls_sentence_count;ttr;score_ls_type_token_ratio;word_length_text;score_ls_word_length_text;word_length_title;score_ls_word_length_title;profanity;score_vocabulary_profanity;anger_word_count;anger_intensity;anticipation_word_count;anticipation_intensity;disgust_word_count;disgust_intensity;fear_word_count;fear_intensity;sadness_word_count;sadness_intensity;joy_word_count;joy_intensity;surprise_word_count;surprise_intensity;trust_word_count;trust_intensity;score_vocabulary_emotional_words;score_clickbait;links_count;score_links_external;sentiment_text_spacy;sentiment_text_vader;sentiment_text_fasttext_1;sentiment_text_fasttext_2;sentiment_text_fasttext_3;sentiment_text_fasttext_4;sentiment_text_fasttext_5;score_sentiment_polarity_text;sentiment_title_spacy;sentiment_title_vader;sentiment_title_fasttext_1;sentiment_title_fasttext_2;sentiment_title_fasttext_3;sentiment_title_fasttext_4;sentiment_title_fasttext_5;score_sentiment_polarity_title;score_sentiment_subjectivity
http://www.thehollywoodgossip.com/2018/01/jennifer-aniston-and-justin-theroux-headed-for-divorce-because-o/;1.0000000000;1;0;0.0071942446;0.7601918465;0.0000000000;1.0000000000;1;0;0.0500000000;0.0000000000;1;0;0;1.0000000000;0;1.0000000000;7.7485598086;76.7344186603;11.9963636364;10.5498344353;10.1248564593;9.1303331364;0.6748559809;406;0.1766666667;11;1;20;0.6000000000;0.5935960591;0.1871921182;4.6428571429;0.1607142857;5.5454545455;0.3863636364;1;0.6666666667;2;1.0000000000;16;9.1800000000;1;0.3830000000;9;2.7800000000;7;3.9480000000;21;10.0480000000;8;3.1400000000;20;11.2090000000;0.8000575540;0;1;0.3333333333;-0.0063014069;0.9896000000;0.0729888007;0.7264102697;0.1348572671;0.0590951964;0.0066985311;0.6470375561;0.0000000000;0.0000000000;0.0371476151;0.0000474971;0.2356892973;0.0130405799;0.7141250372;0.7495757826;0.6057467532
https://web.archive.org/web/20180216001701/http://www.newidea.com.au/brad-and-ange-back-together;1.0000000000;0;0;0.0055248619;0.8158379374;0.0588235294;0.6078431373;0;1;0.1176470588;0.0000000000;0;1;2;0.8000000000;0;1.0000000000;7.2337714377;81.6510065716;12.1230325373;10.5146914930;9.6030004808;8.0944038120;0.6233771438;357;0.0950000000;5;1;17;0.4800000000;0.6106442577;0.2212885154;4.4453781513;0.1113445378;4.6000000000;0.1500000000;0;1.0000000000;11;4.8390000000;14;7.2020000000;6;2.4150000000;14;5.9060000000;7;2.7690000000;15;6.9080000000;7;3.6950000000;19;9.4250000000;0.7615524862;0;0;0.0000000000;0.1738247863;0.9912000000;0.0004061563;0.1001310721;0.0048540244;0.8917335868;0.0029251103;0.6714229112;0.0000000000;0.0000000000;0.0000100028;0.0000349501;0.0000180888;0.9999769926;0.0000100018;0.9999933318;0.6440170940
http://www.wonderwall.com/celebrity/blake-shelton-shopping-for-diamond-ring-for-gwen-stefani-proposing-on-valentines-day-is-made-up-3012461.article?photoId=1015358;1.0000000000;1;0;0.0113421550;0.6219281664;0.0000000000;1.0000000000;0;1;0.0000000000;1.0000000000;0;1;1;0.9000000000;0;1.0000000000;11.6040909091;54.6136363636;14.9030303030;12.7700842092;13.4598863636;11.5415776402;1.0000000000;514;0.3566666667;15;1;22;0.6800000000;0.5544747082;0.1089494163;5.0194552529;0.2548638132;5.4666666667;0.3666666667;0;1.0000000000;1;0.4550000000;12;6.7450000000;2;0.3590000000;7;2.3090000000;2;1.1720000000;25;12.4250000000;8;2.1100000000;24;11.8050000000;0.8586767486;0;4;1.0000000000;0.0733880155;0.9889000000;0.0281090662;0.9000830650;0.0286886673;0.0386777520;0.0044915043;0.6631998098;0.0000000000;0.3400000000;0.0002521356;0.0780986696;0.0021265019;0.9195303321;0.0000424947;0.9999017899;0.4671736159
http://www.dailymail.co.uk/tvshowbiz/article-4862458/Brad-Pitt-s-car-spotted-Angelina-Jolie-s-house.html;1.0000000000;1;0;0.0066857689;0.7771410379;0.0250000000;0.8333333333;0;1;0.0000000000;1.0000000000;0;1;1;0.9000000000;0;1.0000000000;11.5242664319;59.8613292254;14.8190140845;12.1241437954;13.9376830986;10.6210981005;0.9621098100;1039;1.0000000000;8;1;40;1.0000000000;0.4783445621;0.0000000000;4.8257940327;0.2064485082;5.6250000000;0.4062500000;0;1.0000000000;14;7.4830000000;35;18.6510000000;13;5.7350000000;28;13.0320000000;24;11.0430000000;56;29.6380000000;20;6.6870000000;50;22.5200000000;0.7807277937;0;5;1.0000000000;0.1140309652;0.9819000000;0.0172192957;0.1416192651;0.1683340669;0.6451373696;0.0277400054;0.6637468996;0.0000000000;0.0000000000;0.0000111038;0.0416515470;0.7855250835;0.1728519946;0.0000102866;0.9999928699;0.6234398782
http://ew.com/tv/2017/07/13/billy-bush-not-hosting-fox-top-30/;1.0000000000;1;0;0.0000000000;1.0000000000;0.0000000000;1.0000000000;0;1;0.0000000000;1.0000000000;0;1;2;0.8000000000;0;1.0000000000;11.4652476959;61.1750144009;16.0112903226;13.2469507660;13.5336981567;9.8251630323;0.8825163032;212;0.0000000000;9;1;8;0.1200000000;0.6415094340;0.2830188679;4.6745283019;0.1686320755;3.6666666667;0.0000000000;0;1.0000000000;1;0.1520000000;7;2.8910000000;1;0.7190000000;4;1.4380000000;3;1.3350000000;0;0.0000000000;2;0.9840000000;9;4.1510000000;0.8943891403;0;5;1.0000000000;0.0390625000;-0.5183000000;0.7411089540;0.2554262280;0.0031579882;0.0001102529;0.0002466115;0.7406814782;0.0000000000;0.0000000000;0.0218294337;0.9568600655;0.0213404987;0.0000100000;0.0000100000;0.9927201888;0.6484375000
http://hollywoodlife.com/2017/09/07/tom-cruise-katie-holmes-jamie-foxx-relationship-dating-betrayed/;1.0000000000;1;0;0.0067264574;0.7757847534;0.0588235294;0.6078431373;0;1;0.1176470588;0.0000000000;0;1;1;0.9000000000;0;1.0000000000;10.1819705218;68.4764905059;13.4032133847;10.6312052860;12.2362289205;8.8262999074;0.7826299907;435;0.2250000000;11;1;17;0.4800000000;0.5448275862;0.0896551724;4.4804597701;0.1201149425;5.3636363636;0.3409090909;0;1.0000000000;6;2.5910000000;20;10.0330000000;5;1.5630000000;11;3.6350000000;12;7.1330000000;29;13.5710000000;11;3.7720000000;26;12.4000000000;0.7547174888;0;0;0.0000000000;0.0076886287;0.9770000000;0.0015768693;0.1866574585;0.0391925238;0.7673082352;0.0053150635;0.6797026891;-0.4000000000;0.5574000000;0.0000100001;1.0000036955;0.0000100009;0.0000163455;0.0000100000;0.9617266666;0.5249464340
http://radaronline.com/exclusives/2016/03/joe-giudice-prison-sex-teresa-rules-fort-dix/;1.0000000000;1;0;0.0057636888;0.8078770413;0.0476190476;0.6825396825;0;1;0.0476190476;0.0476190476;0;1;0;1.0000000000;0;1.0000000000;6.7623038811;75.9261175337;9.5962565373;9.0944940022;7.4858120011;8.2170017486;0.5762303881;337;0.0616666667;10;1;21;0.6400000000;0.5905044510;0.1810089021;4.5341246291;0.1335311573;5.6000000000;0.4000000000;0;1.0000000000;7;3.3950000000;8;4.2020000000;6;3.3210000000;10;5.4870000000;8;3.9240000000;5;2.5540000000;0;0.0000000000;18;9.0520000000;0.8159365994;0;0;0.0000000000;-0.0595191041;-0.9636000000;0.0227906425;0.6674858928;0.2904364765;0.0187463518;0.0005906854;0.6831395574;0.4166666667;-0.5574000000;0.4226625562;0.0366873294;0.5406782627;0.0000110514;0.0000107650;0.8208422263;0.5477931489
https://web.archive.org/web/20180507002936/http://www.newidea.com.au/jennifer-aniston-pregnant-and-in-hiding;1.0000000000;1;0;0.0075414781;0.7486173957;0.0000000000;1.0000000000;0;1;0.0322580645;0.3548387097;0;1;0;1.0000000000;0;1.0000000000;7.4111682265;80.9401919331;11.8835289087;10.1617262291;9.5824671006;7.8918667099;0.6411168227;655;0.5916666667;8;1;31;1.0000000000;0.4885496183;0.0000000000;4.4519083969;0.1129770992;5.6250000000;0.4062500000;0;1.0000000000;10;3.8690000000;23;12.3810000000;13;3.9690000000;28;10.8160000000;18;8.0440000000;43;22.0090000000;11;5.7960000000;31;17.7370000000;0.7447330317;0;0;0.0000000000;0.0923149563;0.8324000000;0.0730397031;0.4138271511;0.1312299222;0.3011003435;0.0808529183;0.7271024595;0.3333333333;-0.5859000000;0.0000114507;0.0051741754;0.5049123168;0.4899092019;0.0000428358;0.9427152378;0.4367447585
http://www.inquisitr.com/4535920/meghan-markle-has-easier-ride-with-prince-harrys-royal-family-than-her-own-regarding-future/;1.0000000000;1;0;0.0141093474;0.5296884186;0.0400000000;0.7333333333;1;0;0.0000000000;1.0000000000;0;1;2;0.8000000000;0;1.0000000000;8.9835773050;70.8366000000;13.4211631206;11.6255434611;11.6963829787;10.1602034752;0.7983577305;552;0.4200000000;15;1;25;0.8000000000;0.5434782609;0.0869565217;4.7626811594;0.1906702899;5.2000000000;0.3000000000;0;1.0000000000;11;3.7390000000;17;8.3290000000;6;2.5390000000;6;1.6080000000;15;3.1540000000;25;13.3720000000;4;1.5550000000;24;12.6110000000;0.8345432099;0;13;1.0000000000;0.1345900178;0.9953000000;0.0066055125;0.4903914630;0.2568077445;0.2434962094;0.0027490966;0.6666817970;0.3000000000;0.4215000000;0.0000100014;0.0135729956;0.0000100366;0.9863588810;0.0000981495;0.9999639497;0.5562685680
http://www.wmagazine.com/story/halle-berry-done-with-love-alex-da-kid;1.0000000000;0;0;0.0050000000;0.8333333333;0.0000000000;1.0000000000;0;1;0.0000000000;1.0000000000;0;1;0;1.0000000000;0;1.0000000000;14.8671105528;47.5462102178;17.7892797320;13.6066017178;18.2062981575;12.0858854171;1.0000000000;393;0.1550000000;7;1;12;0.2800000000;0.5852417303;0.1704834606;4.9694656489;0.2423664122;4.8571428571;0.2142857143;0;1.0000000000;3;1.4090000000;9;4.9690000000;2;0.8280000000;3;0.8270000000;3;1.8170000000;31;16.3980000000;4;1.4920000000;27;14.6190000000;0.7882050000;0;2;0.6666666667;0.1107649969;0.9962000000;0.0121570118;0.3810069263;0.3432525694;0.2582930923;0.0053402623;0.6633675753;0.5000000000;0.0000000000;0.0000104727;0.8499646783;0.0000229219;0.1489302367;0.0011215617;0.9996226552;0.6571008040
http://www.marieclaire.com/celebrity/a20194892/selena-gomez-secret-message-justin-bieber-back-to-you/;1.0000000000;1;0;0.0099009901;0.6699669967;0.0000000000;1.0000000000;0;1;0.0000000000;1.0000000000;0;1;0;1.0000000000;0;1.0000000000;8.8335238908;75.2193188282;11.5414106940;8.7008771255;11.3222923777;8.6340158567;0.7634015857;288;0.0000000000;15;1;12;0.2800000000;0.5937500000;0.1875000000;4.4548611111;0.1137152778;4.6666666667;0.1666666667;0;1.0000000000;3;0.9990000000;11;5.3610000000;2;0.9300000000;3;0.8340000000;3;0.6260000000;6;3.6250000000;1;0.4840000000;12;4.8510000000;0.8831023102;0;2;0.6666666667;0.2112046574;0.9759000000;0.0523569025;0.6576260924;0.2531509399;0.0123350155;0.0245810058;0.6570873639;0.0500000000;0.0000000000;0.0019660571;0.0016194747;0.9964430332;0.0000104364;0.0000110256;0.9993409724;0.4923227347
http://time.com/5047223/donald-trump-access-hollywood-tape-billy-bush/;1.0000000000;1;0;0.0086705202;0.7109826590;0.0000000000;1.0000000000;0;1;0.0000000000;1.0000000000;0;1;0;1.0000000000;0;1.0000000000;9.9443265306;64.4947210884;14.0446258503;12.1651513899;11.8505928086;10.1788862070;0.8944326531;336;0.0600000000;10;1;15;0.4000000000;0.6398809524;0.2797619048;4.7559523810;0.1889880952;4.8000000000;0.2000000000;1;0.6666666667;7;3.5850000000;6;3.4380000000;2;0.6010000000;3;1.1410000000;2;0.6560000000;5;1.9560000000;12;5.5840000000;12;5.5390000000;0.8699421965;1;4;1.0000000000;0.1294640545;-0.1489000000;0.0158012621;0.3751435876;0.4204481244;0.1744501591;0.0142068481;0.9899972966;0.0000000000;0.0000000000;0.0000200104;0.9992743134;0.0007356977;0.0000100009;0.0000100000;0.9999899965;0.5104352438
http://ew.com/movies/2017/02/26/bill-paxton-dead-celebrities-react/;1.0000000000;1;0;0.0000000000;1.0000000000;0.0000000000;1.0000000000;0;1;0.0000000000;1.0000000000;0;1;0;1.0000000000;0;1.0000000000;8.4293103448;69.0633908046;9.8022988506;8.4772255751;10.1625287356;10.0405396207;0.7429310345;172;0.0000000000;11;1;9;0.1600000000;0.7500000000;0.5000000000;4.7209302326;0.1802325581;4.8181818182;0.2045454545;0;1.0000000000;6;2.9620000000;10;5.1700000000;4;2.2260000000;8;4.7490000000;14;8.5390000000;15;6.8000000000;6;2.5860000000;13;7.5010000000;0.5570163934;0;4;1.0000000000;0.1768518519;0.2500000000;0.0249336585;0.0474986248;0.0492875092;0.3475539088;0.5307763219;0.8147633399;0.5000000000;-0.1725000000;0.3919217885;0.5916095972;0.0013240988;0.0151276328;0.0000668285;0.8693371277;0.4889550265
http://www.usatoday.com/story/life/music/2014/10/29/taylor-swift-calls-out-record-label-pop-album-1989/18140569/;1.0000000000;1;0;0.0070921986;0.7635933806;0.0625000000;0.5833333333;0;1;0.0000000000;1.0000000000;0;1;0;1.0000000000;0;1.0000000000;7.2914285714;73.9560714286;11.2857142857;10.5000000000;8.3467857143;8.7578291071;0.6291428571;272;0.0000000000;10;1;16;0.4400000000;0.6654411765;0.3308823529;4.6250000000;0.1562500000;4.5000000000;0.1250000000;0;1.0000000000;4;1.7650000000;10;5.0770000000;1;0.3980000000;11;5.0270000000;4;2.0630000000;10;5.4510000000;6;3.5870000000;16;8.0010000000;0.7775248227;0;0;0.0000000000;0.2510710554;0.9883000000;0.0038697091;0.2248830646;0.4669886529;0.2977026999;0.0066058715;0.6709748065;0.0000000000;-0.0772000000;0.0000100041;0.0000438264;0.9999734163;0.0000127246;0.0000100000;0.9999933320;0.4751306165
http://people.com/home/jennifer-lopez-and-alex-rodriguez-flaunt-sweet-romance-and-matching-outfits-on-italy-vacation/;1.0000000000;1;0;0.0087463557;0.7084548105;0.0769230769;0.4871794872;0;1;0.0769230769;0.0000000000;0;1;1;0.9000000000;0;1.0000000000;10.9217647059;63.3417873303;12.9321266968;9.9614322134;13.5068642534;10.3573437588;0.9357343759;336;0.0600000000;7;1;13;0.3200000000;0.6041666667;0.2083333333;4.7083333333;0.1770833333;6.7142857143;0.6785714286;0;1.0000000000;3;1.4570000000;18;8.4680000000;0;0.0000000000;3;0.8760000000;3;1.2650000000;33;16.2670000000;7;1.8750000000;27;13.7400000000;0.7437434402;0;4;1.0000000000;0.2345052083;0.9962000000;0.0078306934;0.0648347214;0.3355421424;0.4346314669;0.1572110206;0.6141860953;0.0000000000;0.0000000000;0.3732663393;0.2054857910;0.4212777317;0.0000100226;0.0000101728;0.8755744960;0.5942708333
http://www.etonline.com/jennifer-lopez-serenades-alex-rodriguez-with-journeys-dont-stop-believin-107457;1.0000000000;1;0;0.0086455331;0.7118155620;0.0500000000;0.6666666667;0;1;0.1500000000;0.0000000000;0;1;3;0.7000000000;0;1.0000000000;7.6059005848;70.9890263158;10.4657309942;9.8190908485;9.5269298246;10.4412193246;0.6605900585;337;0.0616666667;10;1;20;0.6000000000;0.6795252226;0.3590504451;4.8427299703;0.2106824926;6.5000000000;0.6250000000;0;1.0000000000;1;0.6670000000;15;6.9130000000;0;0.0000000000;0;0.0000000000;2;0.5250000000;27;13.2970000000;1;0.2580000000;23;12.0170000000;0.8058962536;0;1;0.3333333333;0.1403787879;0.9929000000;0.0020618145;0.1142456308;0.8092132807;0.0711376071;0.0033917816;0.6695821346;0.0000000000;0.2235000000;0.0000100418;0.0032008954;0.0000464435;0.9967826009;0.0000100105;0.9999933159;0.5563888889
http://www.theguardian.com/science/brain-flapping/2015/nov/04/robin-williams-depression-and-dementia-the-clinical-picture;1.0000000000;1;0;0.0046911650;0.8436278342;0.1587301587;0.0000000000;0;1;0.0000000000;1.0000000000;0;1;0;1.0000000000;0;1.0000000000;10.9963864692;53.3162771003;14.6411343399;12.9283144879;11.8829194493;11.3665518605;0.9996386469;1271;1.0000000000;8;1;63;1.0000000000;0.4232887490;0.0000000000;5.0519276161;0.2629819040;6.5000000000;0.6250000000;0;1.0000000000;30;12.8940000000;27;13.6180000000;21;11.7940000000;95;50.3670000000;83;53.7870000000;17;7.2970000000;12;5.1150000000;49;27.2440000000;0.7152212666;0;24;1.0000000000;0.0896328042;-0.9979000000;0.0014735174;0.8998757601;0.0323398486;0.0663255379;0.0000353555;0.6675637090;0.0000000000;-0.5719000000;0.9693928957;0.0293286741;0.0013058924;0.0000102970;0.0000122270;0.6289316258;0.5025708995
http://www.dailymail.co.uk/news/article-3373403/Lawyer-defends-bankrupt-Teresa-Giudice-s-90-000-Lexus-gift-photos-arriving-home-jail-reuniting-husband-children.html;1.0000000000;1;0;0.0059457451;0.8018084975;0.0430107527;0.7132616487;0;1;0.0537634409;0.0000000000;0;1;5;0.5000000000;0;1.0000000000;11.9214284536;62.0100612475;15.2503038803;11.7620884239;14.4964019549;9.6735936566;0.8673593657;2679;1.0000000000;12;1;93;1.0000000000;0.3814856290;0.0000000000;4.6267263904;0.1566815976;5.0833333333;0.2708333333;0;1.0000000000;80;31.2370000000;69;36.7670000000;35;12.8760000000;73;31.0550000000;68;28.8240000000;160;85.5840000000;27;9.3230000000;98;49.7550000000;0.7878699368;1;3;1.0000000000;0.1242385470;0.9988000000;0.0404776223;0.7066826820;0.2004566044;0.0508388355;0.0015942476;0.6534427100;0.0000000000;-0.1779000000;0.0360990725;0.9331694841;0.0307583697;0.0000124852;0.0000105384;0.9879634630;0.5557220739
https://web.archive.org/web/20180512134831/http://www.newidea.com.au/brad-pitt-jennifer-aniston-move-in-together-angelina-jolie-furious;1.0000000000;1;0;0.0033444816;0.8885172798;0.0000000000;1.0000000000;0;1;0.2307692308;0.0000000000;0;1;0;1.0000000000;0;1.0000000000;9.0837414966;70.2171193093;13.1277864992;11.3205029434;11.5533045526;9.9502292075;0.8083741497;287;0.0000000000;12;1;13;0.3200000000;0.5470383275;0.0940766551;4.7386759582;0.1846689895;5.0833333333;0.2708333333;0;1.0000000000;6;4.6430000000;7;3.5700000000;2;0.8670000000;6;2.8270000000;11;4.6470000000;23;11.7120000000;4;1.9060000000;15;8.1240000000;0.7438394649;0;0;0.0000000000;0.0676812771;0.9499000000;0.0130296461;0.3509879112;0.0426256955;0.4639559090;0.1294508129;0.6525731803;0.0000000000;-0.5719000000;0.0000100031;0.0000100683;0.0000100090;0.9990628362;0.0009571098;0.9517442957;0.6148809524
http://radaronline.com/exclusives/2018/06/britney-spears-meltdown-kevin-federline-sam-asghari/;1.0000000000;1;0;0.0059347181;0.8021760633;0.1176470588;0.2156862745;1;0;0.1176470588;0.0000000000;0;1;0;1.0000000000;0;1.0000000000;7.0932093689;78.6774789916;10.4159485071;9.2308530244;8.6898748436;8.1914253860;0.6093209369;326;0.0433333333;11;1;17;0.4800000000;0.6503067485;0.3006134969;4.3895705521;0.0973926380;6.2727272727;0.5681818182;0;1.0000000000;9;3.9300000000;18;9.1120000000;6;1.8920000000;14;6.7520000000;10;5.3760000000;15;7.0140000000;6;1.6800000000;11;5.0310000000;0.7579406528;0;0;0.0000000000;-0.0081883117;-0.9819000000;0.1087500080;0.8119494915;0.0269594546;0.0494163260;0.0029746997;0.6414917641;-0.0500000000;-0.5859000000;0.2222956270;0.7597531676;0.0179805942;0.0000106679;0.0000100000;0.8686314577;0.4642943723
https://web.archive.org/web/20180101160111if_/http://hollywoodlife.com/2016/11/23/ben-affleck-jennifer-garner-renew-vows-secret-ceremony/;1.0000000000;1;1;0.0085959885;0.7134670487;0.0476190476;0.6825396825;0;1;0.3333333333;0.0000000000;0;1;0;1.0000000000;0;1.0000000000;5.6027663088;84.2394123314;10.2898981558;9.7612340378;7.0774304982;7.7071880780;0.4602766309;337;0.0616666667;12;1;21;0.6400000000;0.6261127596;0.2522255193;4.4480712166;0.1120178042;5.3333333333;0.3333333333;0;1.0000000000;3;1.4210000000;18;9.7490000000;1;0.0550000000;1;0.0470000000;4;1.1770000000;32;18.3830000000;8;2.9840000000;22;12.4700000000;0.7347507163;0;3;1.0000000000;0.2266135380;0.9979000000;0.0042649922;0.0347914882;0.0859318897;0.5566723943;0.3183892369;0.5605152570;0.2000000000;0.0000000000;0.0000100002;0.0000101052;0.0010374096;0.9979479909;0.0010445535;0.9996484821;0.4031516463
http://www.intouchweekly.com/posts/tyga-misses-kylie-jenner-158840;1.0000000000;1;0;0.0079787234;0.7340425532;0.0000000000;1.0000000000;0;1;0.1000000000;0.0000000000;0;1;1;0.9000000000;0;1.0000000000;7.1824255319;77.0530000000;10.6051063830;9.5954529791;8.1127659574;7.7711502766;0.6182425532;365;0.1083333333;11;1;20;0.6000000000;0.5753424658;0.1506849315;4.4356164384;0.1089041096;4.5454545455;0.1363636364;1;0.6666666667;4;1.4780000000;11;6.2820000000;2;0.3520000000;6;2.4330000000;5;2.2570000000;21;11.0360000000;6;2.1100000000;12;6.6170000000;0.8267819149;0;1;0.3333333333;0.0237747849;0.9607000000;0.0006315612;0.3151893020;0.1496137232;0.5332304835;0.0013850463;0.6921944642;0.0000000000;0.2263000000;0.0000101865;0.0291814897;0.8985838294;0.0722644925;0.0000100069;0.9999932689;0.4943789749
http://time.com/5050368/john-mayer-hospital-appendectomy/;1.0000000000;1;0;0.0000000000;1.0000000000;0.0000000000;1.0000000000;0;1;0.0000000000;1.0000000000;0;1;1;0.9000000000;0;1.0000000000;7.1065027322;68.2564389800;11.6517304189;10.9582242575;7.7009744991;9.9217223033;0.6348712204;116;0.0000000000;7;1;9;0.1600000000;0.7068965517;0.4137931034;5.0517241379;0.2629310345;6.7142857143;0.6785714286;0;1.0000000000;1;0.3510000000;0;0.0000000000;2;0.5000000000;7;3.9380000000;6;3.0320000000;4;0.8290000000;4;3.2110000000;6;2.9620000000;0.7589756098;1;1;0.3333333333;-0.0181818182;-0.9246000000;0.0002493779;0.0057952437;0.0384367555;0.9553190470;0.0002496294;0.7167669976;0.0000000000;-0.3818000000;0.0000100000;0.0000100018;0.0872748420;0.9127451181;0.0000100003;0.9999933332;0.6161616162
http://www.eonline.com/news/704344/selena-gomez-i-ve-never-had-a-problem-with-drinking;1.0000000000;1;0;0.0071813285;0.7606223818;0.0000000000;1.0000000000;0;1;0.0000000000;1.0000000000;0;1;1;0.9000000000;0;1.0000000000;4.8153157252;85.6918930873;9.5866043220;9.4581202430;5.2193693921;6.5577499344;0.4052836585;548;0.4133333333;9;1;41;1.0000000000;0.5565693431;0.1131386861;4.4470802920;0.1117700730;4.7777777778;0.1944444444;0;1.0000000000;6;2.0750000000;12;5.7860000000;4;1.5700000000;13;4.8140000000;16;7.0760000000;18;9.5330000000;7;2.2900000000;23;11.6650000000;0.8391059246;0;1;0.3333333333;0.1223124098;0.5094000000;0.0782776624;0.2346924245;0.6504426003;0.0291917119;0.0074456912;0.9651588822;0.0000000000;0.3089000000;0.0004452470;0.9995743632;0.0000103384;0.0000100003;0.0000100295;0.9998482412;0.3973100048
http://hollywoodlife.com/2018/05/03/caitlyn-jenner-getting-married-sophia-hutchins-secret-wedding-engagement/;1.0000000000;1;0;0.0061538462;0.7948717949;0.0000000000;1.0000000000;1;0;0.1176470588;0.0000000000;0;1;0;1.0000000000;0;1.0000000000;9.3310802812;61.4806048835;11.1301516833;10.1537731714;10.4657713651;10.7594144340;0.8331080281;311;0.0183333333;14;1;17;0.4800000000;0.6077170418;0.2154340836;4.9163987138;0.2290996785;5.8571428571;0.4642857143;0;1.0000000000;3;0.9210000000;7;3.7110000000;3;1.1020000000;8;2.4090000000;5;2.1880000000;24;12.1330000000;3;0.9370000000;17;8.9150000000;0.8011323077;0;2;0.6666666667;-0.0212293388;0.9652000000;0.0006504034;0.0653995872;0.1591341943;0.7653117180;0.0095540080;0.6864651962;-0.0750000000;0.0000000000;0.0000139968;0.4682760239;0.5312345624;0.0005086455;0.0000168622;0.9999897137;0.5516873278
http://radaronline.com/videos/bradley-cooper-model-girlfriend-irina-shayk-welcomed-first-child/;1.0000000000;1;0;0.0099009901;0.6699669967;0.0909090909;0.3939393939;0;1;0.1818181818;0.0000000000;0;1;3;0.7000000000;0;1.0000000000;7.5410722611;72.5710489510;10.5780885781;9.8090848404;8.8097902098;9.2156475641;0.6541072261;191;0.0000000000;11;1;11;0.2400000000;0.7120418848;0.4240837696;4.6544502618;0.1636125654;5.5454545455;0.3863636364;0;1.0000000000;2;1.2610000000;13;7.3030000000;2;0.7110000000;2;0.4060000000;1;0.8440000000;18;8.8700000000;0;0.0000000000;17;7.6880000000;0.7318514851;0;1;0.3333333333;0.1388888889;0.4292000000;0.0113208443;0.8341718912;0.1212054640;0.0332534872;0.0000982276;0.9961936427;0.2500000000;0.3400000000;0.0000102904;0.0358406566;0.0000106119;0.9639129043;0.0002755467;0.9999047210;0.2296296296
http://www.inquisitr.com/3763416/blac-chyna-shows-post-pregnancy-figure-in-nude-jumpsuit-as-she-takes-king-cairo-to-see-santa/;1.0000000000;1;0;0.0104790419;0.6506986028;0.0000000000;1.0000000000;0;1;0.0000000000;1.0000000000;0;1;0;1.0000000000;0;1.0000000000;9.3301726746;68.7668683812;12.0824456153;10.1196667880;11.3503792582;9.5961729002;0.8330172675;652;0.5866666667;16;1;29;0.9600000000;0.5184049080;0.0368098160;4.6165644172;0.1541411043;4.8125000000;0.2031250000;0;1.0000000000;9;3.5210000000;26;13.2560000000;13;3.5400000000;20;6.3630000000;20;8.2730000000;49;21.8710000000;5;0.5850000000;20;9.2500000000;0.8004221557;0;4;1.0000000000;0.1196605410;0.9926000000;0.0210730899;0.9391784072;0.0386418216;0.0010544923;0.0001021031;0.6645416023;0.0000000000;0.0000000000;0.0221215244;0.9761616588;0.0017455783;0.0000112180;0.0000100097;0.9926228220;0.6014246102
http://www.dailymail.co.uk/tvshowbiz/article-5698465/Madonna-snacks-getting-glammed-ahead-Met-Gala.html;1.0000000000;1;0;0.0112179487;0.6260683761;0.0833333333;0.4444444444;0;1;0.1250000000;0.0000000000;0;1;1;0.9000000000;0;1.0000000000;10.7104301292;64.2118702881;12.7722401723;9.8920243760;13.0222630587;9.9625613683;0.8962561368;615;0.5250000000;9;1;24;0.7600000000;0.5008130081;0.0016260163;4.6130081301;0.1532520325;5.0000000000;0.2500000000;0;1.0000000000;7;2.9250000000;24;11.3570000000;3;1.1090000000;10;3.9900000000;7;1.5160000000;26;12.1890000000;7;2.3130000000;21;10.5240000000;0.8528108974;0;1;0.3333333333;0.1332913765;0.9635000000;0.0289499927;0.3297283947;0.6346232891;0.0066093248;0.0001389329;0.6813036914;0.0000000000;0.0000000000;0.0000100002;0.0002471236;0.9997507930;0.0000320552;0.0000100000;0.9999933333;0.5588681850
http://www.usmagazine.com/celebrity-moms/news/george-clooney-shows-off-pics-of-his-twins-jokes-theyre-like-models/;1.0000000000;1;0;0.0170068027;0.4331065760;0.0000000000;1.0000000000;0;1;0.1666666667;0.0000000000;0;1;1;0.9000000000;0;1.0000000000;8.9707342657;73.1966142191;12.1906759907;9.8920243760;11.4346386946;9.1087173706;0.7970734266;282;0.0000000000;12;1;12;0.2800000000;0.6808510638;0.3617021277;4.5283687943;0.1320921986;4.7500000000;0.1875000000;0;1.0000000000;2;0.2760000000;11;6.0090000000;3;1.1340000000;1;0.3490000000;1;0.2810000000;23;14.0490000000;7;2.2430000000;20;10.2480000000;0.7647006803;0;1;0.3333333333;0.3241830065;0.9974000000;0.0380439684;0.0189022943;0.1585311145;0.1934962422;0.5910763741;0.4586932192;0.0000000000;0.5423000000;0.0351959094;0.0011221545;0.0079974746;0.9556503296;0.0000842090;0.9600399605;0.5026143791
http://www.wonderwall.com/news/pregnant-miranda-kerr-has-reportedly-already-spent-250k-nursery-3010942.article;1.0000000000;1;0;0.0000000000;1.0000000000;0.0666666667;0.5555555556;0;1;0.2000000000;0.0000000000;0;1;1;0.9000000000;0;1.0000000000;6.6915384615;77.9601282051;11.3948717949;10.6157731059;8.0693589744;8.4992708077;0.5691538462;254;0.0000000000;9;1;15;0.4000000000;0.6535433071;0.3070866142;4.5551181102;0.1387795276;4.5555555556;0.1388888889;0;1.0000000000;0;0.0000000000;12;6.6300000000;0;0.0000000000;0;0.0000000000;1;0.2810000000;21;9.5290000000;2;1.0860000000;13;6.4620000000;0.8175817490;0;11;1.0000000000;0.2769781145;0.9822000000;0.0020337272;0.0846466869;0.7057166100;0.1998851597;0.0077677835;0.6752661631;-0.1000000000;0.0000000000;0.0000299876;0.0000733962;0.9999264479;0.0000101306;0.0000100006;0.9999866706;0.5679819024
http://people.com/movies/katie-holmes-jamie-foxx-nyc-date-night-tao/;1.0000000000;1;0;0.0069284065;0.7690531178;0.0500000000;0.6666666667;0;1;0.0000000000;1.0000000000;1;0;5;0.5000000000;0;1.0000000000;9.1282885986;67.1096300475;12.1254631829;10.6485292704;11.2577315914;10.4610469050;0.8128288599;416;0.1933333333;17;1;20;0.6000000000;0.6586538462;0.3173076923;4.7740384615;0.1935096154;4.4705882353;0.1176470588;0;1.0000000000;6;2.2430000000;14;6.6880000000;2;0.3910000000;4;1.9920000000;6;2.4630000000;24;11.2740000000;3;1.5470000000;19;10.0230000000;0.8308498845;0;7;1.0000000000;0.0882615215;0.9538000000;0.0047669373;0.5066984296;0.2100237608;0.2766229510;0.0019378507;0.6952317373;0.0000000000;0.0000000000;0.0000100015;0.2208401561;0.0000215719;0.7791683078;0.0000100035;0.9999933317;0.5619120896
https://web.archive.org/web/20180224230251if_/http://hollywoodlife.com/2018/02/23/joe-jonas-women-bikinis-beach-australia-sophie-turner-photo/;1.0000000000;1;1;0.0120481928;0.5983935743;0.0909090909;0.3939393939;1;0;0.3636363636;0.0000000000;0;1;1;0.9000000000;0;1.0000000000;6.8082639650;79.8488910186;10.5334063527;9.5017480167;8.1696976999;7.8078106193;0.5808263965;400;0.1666666667;15;1;22;0.6800000000;0.6250000000;0.2500000000;4.4800000000;0.1200000000;5.0666666667;0.2666666667;0;1.0000000000;8;3.8970000000;20;10.8290000000;6;1.9930000000;9;5.5030000000;6;3.4350000000;30;16.6720000000;13;5.1560000000;15;7.2100000000;0.7364096386;0;10;1.0000000000;0.3114814005;0.9979000000;0.0010085319;0.0238340348;0.5161259174;0.4563651681;0.0027163872;0.6668250270;0.0000000000;-0.8126000000;0.0000126082;0.5237626433;0.4730317295;0.0032330072;0.0000100001;0.7915924639;0.3929875680
http://hellogiggles.com/celebrity/miley-cyruss-mom-doesnt-get-everyone-wants-daughter-marry-liam-hemsworth/;1.0000000000;1;0;0.0097560976;0.6747967480;0.0800000000;0.4666666667;0;1;0.1600000000;0.0000000000;0;1;1;0.9000000000;0;1.0000000000;6.5401194313;78.2382928910;9.6903886256;9.0991802728;7.1670142180;7.6099280047;0.5540119431;398;0.1633333333;12;1;25;0.8000000000;0.5552763819;0.1105527638;4.5979899497;0.1494974874;4.7500000000;0.1875000000;0;1.0000000000;0;0.0000000000;26;13.2980000000;0;0.0000000000;8;2.0770000000;3;0.8210000000;37;20.7900000000;6;1.6950000000;37;20.5760000000;0.7109414634;0;5;1.0000000000;0.2429824561;0.9974000000;0.0024873444;0.7104160786;0.2785376906;0.0083519900;0.0002568919;0.6674852546;0.2000000000;0.0000000000;0.0001260068;0.9998933077;0.0000107108;0.0000100009;0.0000100000;0.9999546644;0.4884816207
http://www.businessinsider.com/prince-harry-and-meghan-markle-visit-to-the-united-states-2018-4;1.0000000000;1;0;0.0069930070;0.7668997669;0.0000000000;1.0000000000;0;1;0.0000000000;1.0000000000;0;1;1;0.9000000000;0;1.0000000000;7.9177111383;78.6058078335;11.4712362301;9.4072327552;10.2373708690;8.2982770186;0.6917711138;416;0.1933333333;13;1;19;0.5600000000;0.4975961538;0.0000000000;4.5048076923;0.1262019231;5.3076923077;0.3269230769;0;1.0000000000;10;2.6080000000;14;8.0160000000;0;0.0000000000;1;0.7030000000;9;0.9810000000;14;7.8000000000;4;1.1870000000;17;10.5130000000;0.8517109557;0;5;1.0000000000;0.2380000000;0.9896000000;0.0347602144;0.3475230336;0.1780494303;0.4247279763;0.0149892671;0.6570168395;-0.1000000000;0.4215000000;0.0000121749;0.0024248918;0.0007781986;0.9918363094;0.0049984762;0.9983297829;0.4603333333
http://www.gobankingrates.com/net-worth/celebrities/no-escape-movie-boost-pierce-brosnans-net-worth-owen-wilsons-net-worth/;1.0000000000;1;0;0.0115606936;0.6146435453;0.0000000000;1.0000000000;1;0;0.0000000000;1.0000000000;0;1;3;0.7000000000;0;1.0000000000;8.1452623688;67.7423913043;11.5642905820;10.7459666924;10.2018652038;11.1009394605;0.7145262369;503;0.3383333333;16;1;29;0.9600000000;0.5566600398;0.1133200795;4.9065606362;0.2266401590;4.5625000000;0.1406250000;0;1.0000000000;11;5.7100000000;25;14.5710000000;6;2.4620000000;21;10.0230000000;4;2.4670000000;24;11.6080000000;12;5.9070000000;22;10.3040000000;0.7570250482;0;5;1.0000000000;0.1468339051;0.9966000000;0.0054321736;0.1711831838;0.0123463962;0.7660282850;0.0450600125;0.6521026046;0.1500000000;0.6705000000;0.0000100006;0.0012829653;0.0249402039;0.9738067985;0.0000100035;0.8863266653;0.7460691824
http://www.instyle.com/news/kim-kardashian-anorexic-comments-backlash;1.0000000000;1;0;0.0087209302;0.7093023256;0.0000000000;1.0000000000;0;1;0.0526315789;0.0000000000;0;1;1;0.9000000000;0;1.0000000000;8.0934384954;69.5653298953;12.0314879418;11.0459208364;9.4463051722;9.7247377349;0.7093438495;336;0.0600000000;8;1;19;0.5600000000;0.6696428571;0.3392857143;4.8005952381;0.2001488095;6.0000000000;0.5000000000;1;0.6666666667;3;0.8420000000;10;4.7650000000;2;0.9070000000;6;2.3080000000;5;2.2490000000;13;6.2900000000;5;1.1950000000;18;9.5540000000;0.8365697674;0;7;1.0000000000;0.1509259259;0.9673000000;0.0217790455;0.4936768413;0.4413471818;0.0422841497;0.0009627977;0.6808860523;0.0000000000;0.0000000000;0.0000100003;0.9894829392;0.0000529868;0.0104941158;0.0000100000;0.9999933332;0.6150529101
http://radaronline.com/exclusives/2017/08/jennifer-aniston-furious-friends-parody/;1.0000000000;1;0;0.0000000000;1.0000000000;0.0833333333;0.4444444444;0;1;0.1666666667;0.0000000000;0;1;3;0.7000000000;0;1.0000000000;6.9862612613;77.9250675676;10.2828828829;9.3245553203;8.6331081081;8.5824683919;0.5986261261;219;0.0000000000;12;1;12;0.2800000000;0.6986301370;0.3972602740;4.4931506849;0.1232876712;5.9166666667;0.4791666667;0;1.0000000000;6;2.7160000000;8;3.7510000000;2;0.9850000000;1;0.6090000000;3;0.5810000000;13;5.8470000000;3;0.6570000000;16;7.3450000000;0.8052727273;0;0;0.0000000000;0.2929924242;0.9533000000;0.0025719146;0.4795561433;0.4676895440;0.0502052680;0.0000270021;0.6969336944;0.0000000000;-0.1531000000;0.0005903863;0.9974938631;0.0009086093;0.0010382227;0.0000188779;0.9997969119;0.5482323232
http://www.iheart.com/content/2017-01-26-are-selena-gomez-the-weeknd-working-on-a-movie-together/;1.0000000000;1;0;0.0160771704;0.4640943194;0.0000000000;1.0000000000;1;0;0.0000000000;1.0000000000;0;1;1;0.9000000000;0;1.0000000000;7.8192987013;75.5741861472;11.2003463203;9.7823299831;10.0469588745;9.2366769643;0.6819298701;301;0.0016666667;10;1;15;0.4000000000;0.6046511628;0.2093023256;4.6312292359;0.1578073090;4.6000000000;0.1500000000;0;1.0000000000;2;1.0000000000;8;4.1950000000;1;0.5310000000;6;2.2260000000;3;1.1350000000;17;8.0060000000;1;0.3670000000;17;9.9610000000;0.8236591640;0;0;0.0000000000;0.1719180441;0.9761000000;0.6409453154;0.2671999335;0.0718122050;0.0024484105;0.0176441222;0.4630701875;0.0000000000;0.0000000000;0.7314101458;0.0033187326;0.1709070802;0.0001330281;0.0942809656;0.7247696295;0.4630509642
http://hollywoodlife.com/2017/12/20/kim-kardashian-kanye-west-getting-divorced-report/;1.0000000000;1;0;0.0054945055;0.8168498168;0.0714285714;0.5238095238;1;0;0.2857142857;0.0000000000;0;1;0;1.0000000000;0;1.0000000000;4.9992471042;82.7565540541;9.1776061776;9.2105900341;5.7101969112;7.5931306568;0.3999247104;349;0.0816666667;15;1;28;0.9200000000;0.6131805158;0.2263610315;4.6848137536;0.1712034384;5.4666666667;0.3666666667;0;1.0000000000;8;4.5750000000;10;5.1490000000;5;2.1250000000;13;8.2260000000;11;5.5910000000;20;10.5660000000;5;2.7330000000;14;6.4780000000;0.7503131868;0;0;0.0000000000;-0.0541329191;0.9088000000;0.0155129079;0.9420346618;0.0230623987;0.0184559282;0.0009840791;0.7219676710;0.0000000000;0.0000000000;0.0000586524;0.9571086764;0.0000222569;0.0428497307;0.0000107730;0.9999768582;0.4338907508
http://www.iheart.com/content/2017-08-19-carrie-underwood-forced-mike-fisher-to-retire-for-second-baby/;1.0000000000;1;0;0.0044742729;0.8508575690;0.0416666667;0.7222222222;1;0;0.0000000000;1.0000000000;0;1;0;1.0000000000;0;1.0000000000;7.3355357143;75.7177976190;10.9488095238;9.9821200219;8.8670386905;8.7847499598;0.6335535714;437;0.2283333333;10;1;24;0.7600000000;0.5835240275;0.1670480549;4.5881006865;0.1470251716;5.2000000000;0.3000000000;0;1.0000000000;5;1.6370000000;15;8.3970000000;4;1.1420000000;11;2.8960000000;7;2.6420000000;28;12.6500000000;1;0.6330000000;24;13.3100000000;0.8062326622;0;1;0.3333333333;0.0371843434;0.7434000000;0.0077105616;0.9415770173;0.0372528732;0.0133095756;0.0001998708;0.8350965225;-0.1500000000;-0.4588000000;0.0000169427;1.0000030994;0.0000100001;0.0000100000;0.0000100000;0.9999910191;0.5622955748
http://www.express.co.uk/news/royal/1001017/Meghan-Markle-Prince-Harry-friends-loyalty-Princess-Diana-Thomas;1.0000000000;1;0;0.0125944584;0.5801847187;0.0000000000;1.0000000000;0;1;0.0000000000;1.0000000000;0;1;0;1.0000000000;1;0.5000000000;7.6459968102;77.3666267943;10.7610845295;9.1558701125;9.7102950558;8.6450094394;0.6645996810;382;0.1366666667;15;1;19;0.5600000000;0.5471204188;0.0942408377;4.5994764398;0.1498691099;4.8000000000;0.2000000000;0;1.0000000000;8;2.4680000000;13;7.3830000000;1;0.3750000000;6;2.6400000000;11;2.3810000000;17;7.7210000000;7;2.4600000000;16;8.7820000000;0.8276574307;0;0;0.0000000000;0.1427721088;0.9837000000;0.0198592059;0.3929004669;0.3662148118;0.2158868611;0.0051886882;0.6691840353;0.0000000000;-0.3885000000;0.0000100214;0.7108836770;0.0009614732;0.2881848216;0.0000100143;0.9999933214;0.6301870748
http://www.usmagazine.com/celebrity-news/news/travis-scott-pleads-guilty-to-disorderly-conduct/;1.0000000000;1;0;0.0031055901;0.8964803313;0.0000000000;1.0000000000;0;1;0.0588235294;0.0000000000;0;1;0;1.0000000000;0;1.0000000000;8.3896939710;68.5441781198;12.9111966282;11.7110477522;10.1819241341;10.3096978723;0.7389693971;315;0.0250000000;7;1;17;0.4800000000;0.6349206349;0.2698412698;4.8222222222;0.2055555556;6.0000000000;0.5000000000;0;1.0000000000;12;5.9080000000;11;5.4540000000;3;0.6650000000;15;6.6470000000;11;5.7830000000;12;5.3510000000;4;1.3210000000;18;8.7820000000;0.7521055901;1;1;0.3333333333;-0.0012566138;-0.9801000000;0.0231526569;0.2176529765;0.3316227198;0.4161853492;0.0114363357;0.6684036691;-0.5000000000;-0.4215000000;0.9440459609;0.0498789586;0.0060932771;0.0000167326;0.0000150454;0.6853129979;0.4620590829
http://www.hollywoodreporter.com/features/steven-spielberg-meryl-streep-trump-news-why-post-had-be-made-i-know-is-scared-1064361;1.0000000000;1;0;0.0070401877;0.7653270754;0.1597222222;0.0000000000;0;1;0.0277777778;0.4444444444;0;1;6;0.4000000000;0;1.0000000000;3.0180624280;94.8906401703;7.7364196197;8.1336309438;4.2963528162;6.3376403037;0.2848755403;3387;1.0000000000;22;1;288;1.0000000000;0.3120755831;0.0000000000;4.3126660762;0.0781665190;4.0000000000;0.0000000000;2;0.3333333333;23;10.4750000000;71;33.0790000000;19;5.7670000000;50;26.4970000000;39;16.6670000000;76;37.3190000000;40;17.0930000000;117;66.5210000000;0.8747914344;0;0;0.0000000000;0.1489079396;0.9998000000;0.0628347248;0.1792763174;0.5983781815;0.1364783496;0.0230824556;0.6381609399;0.0000000000;0.0000000000;0.0000537280;0.0000964825;0.0001225033;0.9996622801;0.0001150303;0.9999437472;0.4998893648
http://www.hollywoodreporter.com/news/jennifer-garners-trainer-launches-wellness-app-called-bbs-1101013;1.0000000000;1;0;0.0051724138;0.8275862069;0.0000000000;1.0000000000;0;1;0.0400000000;0.2000000000;0;1;1;0.9000000000;0;1.0000000000;12.1345517241;49.3856206897;15.2800000000;13.2176318196;13.4682586207;12.0088693086;1.0000000000;569;0.4483333333;11;1;25;0.8000000000;0.6010544815;0.2021089631;5.0632688928;0.2658172232;6.6363636364;0.6590909091;0;1.0000000000;5;1.6650000000;9;5.2820000000;5;2.6330000000;8;2.4670000000;11;3.2810000000;36;15.8390000000;6;3.1640000000;23;11.7640000000;0.8410517241;0;2;0.6666666667;0.1659965035;0.9976000000;0.0239150282;0.7708162665;0.0811069384;0.1134290993;0.0107826535;0.6567007728;-0.6000000000;0.7579000000;0.0003718180;0.0000206386;0.1065978929;0.0001395069;0.8929201961;0.4636359953;0.5095293595
http://www.dailymail.co.uk/tvshowbiz/article-3710458/Jennifer-Garner-44-tries-hard-act-unperturbed-asked-s-pregnant-estranged-husband-Ben-Affleck.html;1.0000000000;1;0;0.0077787381;0.7407087295;0.1020408163;0.3197278912;0;1;0.0816326531;0.0000000000;0;1;2;0.8000000000;0;1.0000000000;9.7773984459;66.8740651716;11.9100766412;9.6394000221;11.9816981433;9.9646372220;0.8777398446;1139;1.0000000000;18;1;49;1.0000000000;0.5153643547;0.0307287094;4.6646180860;0.1661545215;5.2777777778;0.3194444444;0;1.0000000000;13;5.2110000000;30;16.0930000000;8;2.6340000000;19;7.1520000000;19;7.4370000000;64;28.6220000000;16;6.0770000000;47;20.3530000000;0.8382385480;0;4;1.0000000000;0.1086285732;0.9990000000;0.0276619159;0.5989301205;0.3500222564;0.0227173511;0.0007183645;0.6578732399;-0.0194444444;-0.1027000000;0.0049106916;0.3625037074;0.6323079467;0.0003171586;0.0000105523;0.9983595853;0.5725489657
http://www.gaystarnews.com/article/kristen-stewart-cannes-red-carpet-barefoot/;1.0000000000;1;0;0.0038610039;0.8712998713;0.1111111111;0.2592592593;0;1;0.0000000000;1.0000000000;0;1;0;1.0000000000;0;1.0000000000;5.2017948718;83.4954273504;8.0854700855;8.0000000000;6.0089914530;7.3889755231;0.4201794872;249;0.0000000000;10;1;18;0.5200000000;0.6746987952;0.3493975904;4.5261044177;0.1315261044;5.5000000000;0.3750000000;0;1.0000000000;1;0.4550000000;4;2.0010000000;1;0.6170000000;6;2.0790000000;1;0.8750000000;8;3.8740000000;2;0.6170000000;10;5.0240000000;0.8799845560;0;8;1.0000000000;0.2242424242;0.9596000000;0.3017993271;0.6302289963;0.0668939799;0.0002961484;0.0008315407;0.5927230441;0.0000000000;0.0000000000;0.0041313386;0.8820715547;0.1135854125;0.0001160931;0.0001456399;0.9985743405;0.6020622896
http://www.revelist.com/celebrity/kardashian-rumors-turned-out-true/10306;1.0000000000;1;0;0.0073349633;0.7555012225;0.0000000000;1.0000000000;0;1;0.0500000000;0.0000000000;0;1;1;0.9000000000;0;1.0000000000;10.0119855072;60.1505869565;13.4973913043;12.0000000000;12.0604347826;11.6578224106;0.9011985507;398;0.1633333333;11;1;20;0.6000000000;0.6130653266;0.2261306533;5.1507537688;0.2876884422;4.6363636364;0.1590909091;0;1.0000000000;11;4.5540000000;13;6.3660000000;11;3.3770000000;13;5.2830000000;17;6.8630000000;20;8.2700000000;7;2.2340000000;27;11.5980000000;0.7626161369;0;3;1.0000000000;0.0071269417;-0.9282000000;0.0046113208;0.0395051800;0.8894821405;0.0643092394;0.0021421697;0.7122821698;0.3500000000;0.4215000000;0.0166365020;0.0074411375;0.0297226682;0.8998706341;0.0463790521;0.9789948153;0.5567115483
https://web.archive.org/web/20180820232652/www.yahoo.com/entertainment/taylor-swift-calls-kim-kardashian-bully-fans-call-bs-180443353.html;1.0000000000;1;0;0.0477815700;0.0000000000;0.1818181818;0.0000000000;0;1;0.2424242424;0.0000000000;1;0;5;0.5000000000;1;0.5000000000;7.0586539936;76.4615248607;9.6836629363;8.7996865119;8.8332464612;9.1161278533;0.6058653994;575;0.4583333333;11;1;33;1.0000000000;0.6034782609;0.2069565217;4.6904347826;0.1726086957;4.3636363636;0.0909090909;0;1.0000000000;14;7.4940000000;16;7.4960000000;8;4.2160000000;22;13.5860000000;14;6.8410000000;18;9.4940000000;5;2.1010000000;19;9.2430000000;0.7936143345;0;20;1.0000000000;0.1475600977;0.9920000000;0.0036741309;0.6842023134;0.2804973722;0.0299803149;0.0016959094;0.6702099866;0.0000000000;-0.4003000000;0.0000100000;1.0000029802;0.0000115112;0.0000101304;0.0000153759;0.9999915414;0.5231991998
http://www.vanityfair.com/style/2018/07/dina-lohan-drops-more-details-on-lindsays-upcoming-reality-show;1.0000000000;1;0;0.0085227273;0.7159090909;0.0000000000;1.0000000000;0;1;0.1219512195;0.0000000000;0;1;0;1.0000000000;0;1.0000000000;6.4233550962;80.3317621190;9.9190284496;9.1683693540;7.3785497784;7.5040295423;0.5423355096;694;0.6566666667;10;1;41;1.0000000000;0.5634005764;0.1268011527;4.4582132565;0.1145533141;5.5000000000;0.3750000000;0;1.0000000000;5;1.9900000000;15;7.2800000000;6;2.7260000000;7;3.1970000000;13;5.2050000000;37;17.1830000000;7;2.2040000000;38;19.6420000000;0.8311732955;1;1;0.3333333333;0.1528484247;0.9970000000;0.0258525964;0.2166185677;0.6864798665;0.0660800338;0.0050189635;0.6583761467;0.5000000000;0.0000000000;0.0014060515;0.7143764496;0.2841987014;0.0000588428;0.0000100000;0.9995279828;0.5888528139
https://web.archive.org/web/20210829152050/http://www.newidea.com.au/us-report-claims-meghan-markle-and-kate-middleton-are-both-expecting-a-baby;1.0000000000;1;0;0.0095846645;0.6805111821;0.0000000000;1.0000000000;0;1;0.0000000000;1.0000000000;0;1;0;1.0000000000;0;1.0000000000;7.2608284790;79.6968737864;11.3467961165;9.9282032303;9.6153398058;8.6609047735;0.6260828479;300;0.0000000000;13;1;15;0.4000000000;0.5966666667;0.1933333333;4.5666666667;0.1416666667;4.8461538462;0.2115384615;0;1.0000000000;2;0.7900000000;20;11.1640000000;4;0.9920000000;6;1.8280000000;4;0.9050000000;27;13.4540000000;6;3.2970000000;12;6.5150000000;0.7511501597;0;0;0.0000000000;0.1596801347;0.9882000000;0.0020336788;0.0678406507;0.2681315839;0.6471086144;0.0149354860;0.6688769451;0.0000000000;0.0000000000;0.0004673682;0.9988715649;0.0001416434;0.0003439138;0.0002255267;0.9997690350;0.4584736251
https://web.archive.org/web/20190415070023/https://ew.com/movies/2018/01/04/gal-gadot-wonder-woman-interview/;0.0000000000;1;0;0.0068392770;0.7720241003;0.1643835616;0.0000000000;0;1;0.0273972603;0.4520547945;0;1;4;0.6000000000;0;1.0000000000;4.0707964536;91.8982502457;8.9005632301;8.7873267304;4.7192108356;5.6989173099;0.3443024300;2038;1.0000000000;9;1;146;1.0000000000;0.3228655545;0.0000000000;4.2345436703;0.0586359176;5.1111111111;0.2777777778;1;0.6666666667;19;10.3220000000;53;29.1540000000;5;1.3920000000;32;13.7840000000;21;9.6940000000;89;50.3380000000;45;21.3070000000;72;38.4930000000;0.8295222277;0;0;0.0000000000;0.2482790006;0.9998000000;0.1731526554;0.4281939566;0.2384457886;0.0707654506;0.0894922018;0.5792517143;0.0000000000;-0.2960000000;0.0000160269;0.0000100004;0.0001273127;0.0198614541;0.9800351858;0.6733162624;0.4916680509
http://www.justjared.com/2017/11/07/taylor-swift-gives-fans-an-inside-look-at-reputation-secret-sessions/;0.0000000000;0;0;0.0187500000;0.3750000000;0.0000000000;1.0000000000;0;1;0.1666666667;0.0000000000;0;1;1;0.9000000000;0;1.0000000000;10.0104304636;68.1173233996;12.7156732892;10.0710678119;12.6134657837;9.8138569801;0.8813856980;149;0.0000000000;11;1;6;0.0400000000;0.6912751678;0.3825503356;4.6308724832;0.1577181208;5.2727272727;0.3181818182;0;1.0000000000;1;0.4090000000;0;0.0000000000;0;0.0000000000;1;0.2660000000;2;0.0320000000;6;3.1050000000;1;0.6560000000;3;0.9150000000;0.9327125000;0;0;0.0000000000;0.1129028379;0.9687000000;0.0047803037;0.7254353166;0.0204601772;0.2351163328;0.0142578622;0.6811872780;-0.4000000000;0.2023000000;0.0000100000;0.9096467495;0.0000119294;0.0903713331;0.0000100000;0.9999933333;0.4285954786
https://web.archive.org/web/20190607151409/https://www.yahoo.com/entertainment/ready-player-one-ultimate-guide-pop-culture-references-173907937.html;0.0000000000;1;0;0.0103539610;0.6548679669;0.0121951220;0.9186991870;0;1;0.0121951220;0.7560975610;0;1;7;0.3000000000;0;1.0000000000;10.6973031699;65.0462995551;13.9450022132;11.2491684725;13.8187678898;10.7156490219;0.9697303170;4142;1.0000000000;11;1;164;1.0000000000;0.4109126026;0.0000000000;4.9179140512;0.2294785128;5.4545454545;0.3636363636;3;0.0000000000;76;45.1320000000;131;64.6090000000;34;12.6040000000;111;59.8720000000;36;16.8270000000;148;70.6380000000;52;24.4680000000;178;86.5550000000;0.8166602456;0;19;1.0000000000;0.1278402966;0.9993000000;0.0122080734;0.4432892501;0.3668930233;0.1743447036;0.0033150602;0.6619589555;0.1000000000;0.3612000000;0.0000177423;0.0158485360;0.9625514150;0.0216090642;0.0000232737;0.9999863280;0.5118632205
https://people.com/style/met-gala-2018-katy-perry-flew-kim-kardashian-nails-private-jet/;0.0000000000;1;0;0.0077972710;0.7400909682;0.0833333333;0.4444444444;0;1;0.1666666667;0.0000000000;0;1;3;0.7000000000;0;1.0000000000;9.1393750000;67.5347916667;12.0489583333;10.5000000000;10.9652213542;9.9376986211;0.8139375000;502;0.3366666667;11;1;24;0.7600000000;0.5796812749;0.1593625498;4.7270916335;0.1817729084;4.7272727273;0.1818181818;0;1.0000000000;2;0.9460000000;10;4.7590000000;1;0.8120000000;8;2.6320000000;4;1.4810000000;21;10.5930000000;3;1.0310000000;14;6.3920000000;0.8883196881;0;4;1.0000000000;0.2244719927;0.9874000000;0.0028583615;0.6660515666;0.2448018193;0.0839666426;0.0023716781;0.6733233201;0.0000000000;0.0000000000;0.0000251773;0.1383295953;0.8541116714;0.0075736153;0.0000100062;0.9999882722;0.5018288950
https://people.com/tv/harry-connick-jr-wife-jill-goodacre-open-up-secret-5-year-battle-breast-cancer/;0.0000000000;1;0;0.0043103448;0.8563218391;0.0000000000;1.0000000000;0;1;0.0000000000;1.0000000000;0;1;0;1.0000000000;0;1.0000000000;6.9002596789;80.5206570664;11.5271639912;10.3598007219;8.6832609380;8.0421483569;0.5900259679;678;0.6300000000;18;1;36;1.0000000000;0.5044247788;0.0088495575;4.5309734513;0.1327433628;4.4444444444;0.1111111111;0;1.0000000000;20;7.9610000000;16;7.7360000000;11;6.0060000000;29;15.5820000000;26;11.8530000000;22;9.4080000000;6;1.9770000000;26;13.2470000000;0.7880172414;0;5;1.0000000000;0.1739211310;-0.6021000000;0.0028265589;0.0065726577;0.5108541250;0.4160664976;0.0637301952;0.9097477486;-0.2000000000;-0.7906000000;0.0000100021;0.0000100795;0.3425584733;0.6569235921;0.0005479333;0.8060806882;0.5546378968
http://www.bravotv.com/the-daily-dish/does-brittany-cartwright-regret-not-breaking-up-with-jax-taylor;0.0000000000;0;0;0.0200803213;0.3306559572;0.0714285714;0.5238095238;0;1;0.0714285714;0.0000000000;0;1;2;0.8000000000;0;1.0000000000;7.5219468206;73.0030913174;10.4305959510;9.6278632627;9.0639734816;9.4450535888;0.6521946821;490;0.3166666667;8;1;28;0.9200000000;0.5346938776;0.0693877551;4.7000000000;0.1750000000;5.7500000000;0.4375000000;0;1.0000000000;2;0.9820000000;12;5.4250000000;2;0.9690000000;3;0.9930000000;5;3.2110000000;17;8.4090000000;3;1.1020000000;14;7.6620000000;0.8845261044;0;7;1.0000000000;0.1672209904;0.9560000000;0.1007251665;0.4048230648;0.3302252889;0.1060971990;0.0581793152;0.6430318394;0.0000000000;0.1531000000;0.0375282168;0.9576260448;0.0048597842;0.0000245939;0.0000113389;0.9874868148;0.5890059128
http://www.bravotv.com/the-real-housewives-of-new-jersey/season-9/blogs/jennifer-aydin/jennifer-aydin-its-all-in-the-kiss;0.0000000000;0;0;0.0090497738;0.6983408748;0.0625000000;0.5833333333;0;1;0.6375000000;0.0000000000;0;1;2;0.8000000000;0;1.0000000000;3.9234705302;92.3363013256;8.6147283085;8.5789784011;4.2605488606;5.2936988011;0.3253616728;1098;1.0000000000;7;1;80;1.0000000000;0.4180327869;0.0000000000;4.1338797814;0.0334699454;4.1428571429;0.0357142857;0;1.0000000000;8;4.2970000000;28;14.6880000000;5;1.7040000000;21;8.0700000000;8;3.4330000000;88;46.7230000000;20;7.1160000000;44;27.2510000000;0.7949647059;0;0;0.0000000000;0.3557449093;0.9998000000;0.0157428775;0.0552189238;0.6023219824;0.2272797674;0.0994865000;0.6283902075;0.0000000000;0.4215000000;0.0000103764;0.5388727784;0.2602571845;0.2008997351;0.0000100010;0.9999932075;0.4147229723
https://www.cheatsheet.com/entertainment/what-happens-if-prince-philip-outlives-queen-elizabeth-ii.html/;0.0000000000;1;0;0.0014430014;0.9518999519;0.0000000000;1.0000000000;1;0;0.0312500000;0.3750000000;0;1;0;1.0000000000;0;1.0000000000;7.5408478412;80.9620517061;11.9833565460;10.1151247354;9.6192931755;7.6365171880;0.6540847841;684;0.6400000000;9;1;32;1.0000000000;0.4663742690;0.0000000000;4.4707602339;0.1176900585;5.4444444444;0.3611111111;0;1.0000000000;7;3.2360000000;25;11.0530000000;6;3.1800000000;18;7.7410000000;23;9.4960000000;25;11.3860000000;9;4.3830000000;38;19.9060000000;0.7968802309;0;7;1.0000000000;0.1147891250;-0.3890000000;0.0008775063;0.5536846519;0.3674857616;0.0779504403;0.0000516815;0.9996902707;0.0000000000;0.0000000000;0.0000100000;0.0181592982;0.9769756794;0.0048950142;0.0000100000;0.9999933333;0.6170493900
https://www.etonline.com/awards/223683_chris_pratt_makes_first_appearance_since_anna_faris_split;0.0000000000;1;0;0.0274599542;0.0846681922;0.0000000000;1.0000000000;0;1;0.0000000000;1.0000000000;0;1;2;0.8000000000;0;1.0000000000;16.4376744186;53.8002325581;18.0372093023;8.1961524227;21.4402558140;10.1892343744;0.9239953488;423;0.2050000000;14;1;10;0.2000000000;0.7021276596;0.4042553191;4.6288416076;0.1572104019;5.0714285714;0.2678571429;0;1.0000000000;4;2.1220000000;13;6.8420000000;1;0.5620000000;10;3.7990000000;7;2.2350000000;31;15.6330000000;3;0.8910000000;14;7.6640000000;0.8180869565;0;0;0.0000000000;0.0787814038;0.9935000000;0.0327581614;0.0382972099;0.4258290529;0.4683090746;0.0348563902;0.6484618161;0.1250000000;0.4588000000;0.0074436571;0.2365314811;0.7409306169;0.0143895997;0.0007546581;0.9972672282;0.5984589485
https://web.archive.org/web/20180601084744/http://fortune.com/2018/01/19/watch-gold-medalist-aly-raismans-powerful-statement-at-larry-nassers-sentencing/;0.0000000000;1;0;0.0105263158;0.6491228070;0.0526315789;0.6491228070;0;1;0.0000000000;1.0000000000;0;1;0;1.0000000000;0;1.0000000000;8.9527787210;65.7478522920;12.3477079796;11.1434507105;10.2508446520;10.0166800296;0.7952778721;369;0.1150000000;11;1;19;0.5600000000;0.5636856369;0.1273712737;4.6991869919;0.1747967480;6.4545454545;0.6136363636;0;1.0000000000;17;9.9680000000;14;6.7490000000;8;4.5470000000;18;8.9140000000;9;5.4210000000;13;5.8060000000;2;0.4140000000;20;11.1970000000;0.7209684211;1;3;1.0000000000;0.1342403628;-0.9400000000;0.0161528550;0.0593819469;0.1995229870;0.5016855001;0.2233067751;0.6268467900;0.3000000000;0.2960000000;0.0000136159;0.0000102725;0.9095211625;0.0808814168;0.0096235480;0.9967876120;0.4794217687
https://marriedbiography.com/pregnant-nikki-reed-took-fashion-tips-from-kim-kardashian-on-maternity-style-on-date-night-with-ian-somerhalder/;0.0000000000;1;0;0.0085995086;0.7133497133;0.0232558140;0.8449612403;0;1;0.0465116279;0.0697674419;1;0;0;1.0000000000;0;1.0000000000;6.7229180168;80.4551297565;9.9609554670;8.8468834871;8.0307997591;7.6361294883;0.5722918017;795;0.8250000000;19;1;43;1.0000000000;0.4314465409;0.0000000000;4.3597484277;0.0899371069;5.8421052632;0.4605263158;1;0.6666666667;6;1.7210000000;35;17.8070000000;9;2.5320000000;7;3.1240000000;9;2.7570000000;51;27.3220000000;8;3.4760000000;39;19.8170000000;0.8069877150;0;1;0.3333333333;0.2430440199;0.9981000000;0.0105899321;0.2565948963;0.0798787028;0.4306547344;0.2223317027;0.5902927884;0.3333333333;0.0000000000;0.0000130763;0.9986399412;0.0005465847;0.0008401512;0.0000103074;0.9999922054;0.4656192322
https://www.polygon.com/2018/4/9/17214734/star-wars-solo-trailer-chewbacca-age-han-solo;0.0000000000;1;0;0.0041152263;0.8628257888;0.0769230769;0.4871794872;0;1;0.0769230769;0.0000000000;0;1;1;0.9000000000;0;1.0000000000;6.3905579399;81.1683988115;9.7443380654;8.8834840541;8.2514955431;8.4147008712;0.5390557940;230;0.0000000000;13;1;13;0.3200000000;0.6173913043;0.2347826087;4.4695652174;0.1173913043;4.2307692308;0.0576923077;0;1.0000000000;2;1.2230000000;14;7.7670000000;1;0.5310000000;4;1.9210000000;0;0.0000000000;14;5.9780000000;7;3.1000000000;13;6.5340000000;0.7773333333;0;2;0.6666666667;0.2804924242;0.6476000000;0.0001941074;0.0372777060;0.1413219720;0.8193792701;0.0018770081;0.9009096282;0.1363636364;-0.5574000000;0.0000190068;0.0002094169;0.0008306902;0.9978744388;0.0011164586;0.9613548449;0.5686868687
https://people.com/tv/southern-charm-thomas-ravenel-accuses-ashley-jacobs-bad-mouthing-kathryn-dennis/;0.0000000000;1;0;0.0047021944;0.8432601881;0.0000000000;1.0000000000;0;1;0.0000000000;1.0000000000;0;1;2;0.8000000000;0;1.0000000000;13.1136559618;45.8569004769;15.9145564388;13.5071404293;14.9171542130;12.6935760859;1.0000000000;626;0.5433333333;12;1;25;0.8000000000;0.4904153355;0.0000000000;5.0766773163;0.2691693291;5.9166666667;0.4791666667;0;1.0000000000;25;16.3180000000;16;7.7510000000;5;2.0560000000;21;11.2520000000;10;3.3510000000;22;8.8290000000;4;1.6010000000;28;14.1730000000;0.7952006270;1;4;1.0000000000;-0.0444396798;-0.9937000000;0.0998493358;0.8753718138;0.0166839752;0.0040914747;0.0040534292;0.6362324116;-0.3500000000;-0.4939000000;0.9675285220;0.0324909836;0.0000103482;0.0000100966;0.0000101150;0.6774871210;0.6591194969
https://www.mirror.co.uk/3am/celebrity-news/breaking-love-islands-sophie-gradon-12757402;0.0000000000;1;0;0.0170818505;0.4306049822;0.0000000000;1.0000000000;0;1;0.2000000000;0.0000000000;0;1;0;1.0000000000;0;1.0000000000;6.4492114648;78.4123024496;10.2990968172;9.7475485745;7.5938781036;8.2819408732;0.5449211465;1389;1.0000000000;16;1;85;1.0000000000;0.4204463643;0.0000000000;4.4888408927;0.1222102232;5.1250000000;0.2812500000;2;0.3333333333;27;11.4340000000;37;18.1670000000;13;6.3110000000;27;15.9000000000;43;27.2350000000;138;81.3980000000;24;9.6930000000;97;55.7570000000;0.6784412811;0;2;0.6666666667;0.2064259604;0.9998000000;0.0076146247;0.0447494388;0.1466609538;0.5887482762;0.2122766972;0.5935028927;0.1500000000;-0.1280000000;0.3366627395;0.6557950974;0.0002095575;0.0071165343;0.0002659925;0.8876904226;0.4235629782
https://www.nickiswift.com/114528/chrissy-metzs-tragic-real-life-story/;0.0000000000;1;0;0.0043835616;0.8538812785;0.0319148936;0.7872340426;0;1;0.0319148936;0.3617021277;0;1;0;1.0000000000;0;1.0000000000;7.2671931260;78.4309983633;11.3420258229;10.1010937126;8.8846102700;8.1269043980;0.6267193126;1820;1.0000000000;5;1;94;1.0000000000;0.3978021978;0.0000000000;4.4747252747;0.1186813187;6.6000000000;0.6500000000;1;0.6666666667;35;16.5890000000;63;30.2540000000;26;9.3060000000;41;16.3180000000;55;26.6960000000;101;46.3530000000;34;10.8870000000;120;59.5300000000;0.7633610959;0;11;1.0000000000;0.0871875301;0.9959000000;0.0610701256;0.8123982549;0.1186298355;0.0071514021;0.0008004147;0.6487764866;-0.7500000000;-0.4588000000;0.0000102107;0.0000100004;0.0707109123;0.9287580252;0.0005608394;0.8331429833;0.5162714286
https://people.com/sports/eric-decker-denies-cheating-jessie-james-decker-tweet/;0.0000000000;1;0;0.0043988270;0.8533724340;0.0000000000;1.0000000000;0;1;0.0312500000;0.3750000000;0;1;2;0.8000000000;0;1.0000000000;7.6362445015;78.2743667522;11.4575513196;9.8465319688;9.9516312317;8.6840052243;0.6636244501;670;0.6166666667;12;1;32;1.0000000000;0.5223880597;0.0447761194;4.4970149254;0.1242537313;5.0833333333;0.2708333333;0;1.0000000000;3;1.4960000000;28;15.0320000000;2;0.6560000000;6;1.5370000000;3;1.1570000000;49;24.4820000000;8;2.4530000000;35;19.5230000000;0.8054662757;0;6;1.0000000000;0.1637784710;0.9984000000;0.0024166927;0.0570747741;0.4251993299;0.4632861614;0.0520730652;0.6495700807;0.0000000000;-0.7506000000;0.0000144388;0.0000267109;0.9981299043;0.0018689925;0.0000100009;0.8329251868;0.4746454744
https://www.vanityfair.com/style/2018/03/ashley-judd-mira-sorvino-oscars-red-carpet;0.0000000000;1;0;0.0091533181;0.6948893974;0.0000000000;1.0000000000;0;1;0.0000000000;1.0000000000;0;1;0;1.0000000000;0;1.0000000000;14.1698850575;53.0701591512;17.5225464191;13.1904933073;17.5406312997;11.0786886759;1.0000000000;423;0.2050000000;14;1;13;0.3200000000;0.5791962175;0.1583924350;4.8841607565;0.2210401891;5.3571428571;0.3392857143;0;1.0000000000;2;0.8130000000;11;5.9630000000;1;0.1880000000;6;2.7820000000;4;1.9060000000;15;6.7790000000;4;1.6410000000;11;5.2800000000;0.8839725400;0;4;1.0000000000;0.1344918573;0.4767000000;0.0162908416;0.8291466832;0.1095258370;0.0432662033;0.0018205014;0.9939628857;0.0000000000;0.0000000000;0.0135360770;0.9864829779;0.0000107027;0.0000101337;0.0000100733;0.9954846166;0.5171109050
https://thehill.com/blogs/in-the-know/in-the-know/390128-samantha-bee-loses-sponsor-over-ivanka-trump-slur;0.0000000000;0;0;0.0000000000;1.0000000000;0.0000000000;1.0000000000;0;1;0.0000000000;1.0000000000;0;1;1;0.9000000000;0;1.0000000000;10.1201086957;53.2305978261;15.0159420290;13.2469507660;11.6323913043;12.9910443768;0.9353880435;68;0.0000000000;8;1;4;0.0000000000;0.7794117647;0.5588235294;5.2794117647;0.3198529412;5.2500000000;0.3125000000;0;1.0000000000;5;1.6010000000;1;0.5940000000;2;1.1250000000;3;0.7020000000;3;0.9220000000;2;0.7500000000;1;0.4920000000;3;1.4300000000;0.7995789474;1;1;0.3333333333;0.3500000000;-0.8442000000;0.0004737522;0.0271053314;0.0240746215;0.9355105162;0.0128857577;0.7660801634;-0.3000000000;-0.3182000000;0.9968158007;0.0000677472;0.0031463935;0.0000100003;0.0000101173;0.6677246940;0.4500000000
https://people.com/celebrity/bachelor-ben-higgins-lauren-bushnell-split/;0.0000000000;1;0;0.0047169811;0.8427672956;0.0555555556;0.6296296296;0;1;0.0277777778;0.4444444444;0;1;2;0.8000000000;0;1.0000000000;6.4226515152;81.1247870656;10.7242081835;9.8920243760;8.1148442048;8.1883429938;0.5422651515;625;0.5416666667;11;1;36;1.0000000000;0.5024000000;0.0048000000;4.5648000000;0.1412000000;5.9090909091;0.4772727273;0;1.0000000000;9;4.7800000000;20;9.3630000000;5;1.6810000000;9;3.0000000000;8;3.4340000000;28;16.8560000000;2;0.6250000000;35;20.2840000000;0.8112484277;0;4;1.0000000000;0.1786597594;0.9975000000;0.0072263116;0.3640023470;0.4314484596;0.1897832155;0.0075896955;0.6633946643;0.0000000000;0.4588000000;0.0000107342;0.0001673883;0.0170206241;0.9824339151;0.0004173831;0.9998572942;0.4313465538
https://nationaldaycalendar.com/national-rose-day-second-saturday-in-june/;0.0000000000;0;0;0.0129032258;0.5698924731;0.0000000000;1.0000000000;0;1;0.0666666667;0.0000000000;0;1;4;0.6000000000;0;1.0000000000;8.5353224756;70.3219196526;11.5742888165;10.2111025509;10.3588707926;9.6629792410;0.7535322476;303;0.0050000000;7;1;15;0.4000000000;0.5610561056;0.1221122112;4.6501650165;0.1625412541;5.0000000000;0.2500000000;0;1.0000000000;0;0.0000000000;8;4.1000000000;0;0.0000000000;0;0.0000000000;1;0.3790000000;22;10.6480000000;3;1.3440000000;13;7.6320000000;0.8444967742;1;3;1.0000000000;0.1226757370;0.9915000000;0.0002666430;0.0783379897;0.0019949155;0.9106006026;0.0088498816;0.6692944918;0.0000000000;0.0000000000;0.0000989567;0.4023244679;0.0000101264;0.5970022082;0.0006142095;0.9997622779;0.6801020408
https://people.com/chica/luis-fonsi-daughter-dancing-echame-la-culpa/;0.0000000000;1;0;0.0158730159;0.4708994709;0.0000000000;1.0000000000;0;1;0.1304347826;0.0000000000;0;1;1;0.9000000000;1;0.5000000000;7.0418866811;78.8040084596;10.5828841235;9.4605828247;8.0310259689;7.4427592873;0.6041886681;428;0.2133333333;13;1;23;0.7200000000;0.6238317757;0.2476635514;4.3855140187;0.0963785047;4.8461538462;0.2115384615;1;0.6666666667;6;3.3200000000;13;6.4770000000;0;0.0000000000;5;1.8010000000;4;0.7430000000;37;20.1250000000;6;2.1410000000;15;7.8730000000;0.8073469388;0;4;1.0000000000;0.1920944940;0.9969000000;0.0161140431;0.0846378282;0.5625617504;0.2604378462;0.0762985349;0.6379291407;0.0000000000;0.0000000000;0.0000163375;0.0000437438;0.9854371548;0.0145426579;0.0000101753;0.9999911624;0.5565476190
https://variety.com/2018/tv/news/prince-harry-meghan-markle-royal-wedding-windsor-1202813625/;0.0000000000;1;0;0.0021582734;0.9280575540;0.0169491525;0.8870056497;0;1;0.0169491525;0.6610169492;0;1;1;0.9000000000;0;1.0000000000;10.0076466890;66.4517758062;14.0828171887;11.9347920219;12.7865165874;10.5746411624;0.9007646689;1378;1.0000000000;12;1;59;1.0000000000;0.4833091437;0.0000000000;4.9201741655;0.2300435414;5.2500000000;0.3125000000;0;1.0000000000;10;2.2840000000;30;16.3420000000;4;1.1490000000;12;3.5730000000;21;4.4080000000;73;32.5980000000;17;5.3140000000;51;25.4570000000;0.8688848921;0;0;0.0000000000;0.1014933949;0.9937000000;0.0108619537;0.7478145361;0.0546979867;0.1734694690;0.0132061066;0.6628439799;0.0000000000;0.0000000000;0.0002043892;0.3510292470;0.0004877928;0.6481984258;0.0001301264;0.9998884948;0.6944693623
https://www.tmz.com/2018/02/16/lisa-marie-presley-massive-debt-taxes-16-million-dollars/;0.0000000000;1;0;0.0051546392;0.8281786942;0.0000000000;1.0000000000;0;1;0.3000000000;0.0000000000;0;1;0;1.0000000000;0;1.0000000000;5.3883333333;91.1625000000;10.4666666667;9.2449979984;7.9329230769;7.1662022154;0.4388333333;185;0.0000000000;9;1;10;0.2000000000;0.6432432432;0.2864864865;4.4810810811;0.1202702703;4.5555555556;0.1388888889;0;1.0000000000;5;1.1130000000;3;1.4920000000;1;0.3830000000;4;1.0650000000;9;3.3280000000;6;2.9990000000;1;0.3980000000;6;2.5010000000;0.8631030928;0;0;0.0000000000;0.1694444444;-0.8085000000;0.2272792459;0.7559611797;0.0049114786;0.0080123497;0.0038857034;0.7172783503;0.0000000000;-0.3612000000;0.0000943073;0.9728225470;0.0000822090;0.0270409193;0.0000100247;0.9999652227;0.5097222222
https://www.etonline.com/tyrese-gibson-jets-out-toxic-la-child-abuse-investigation-dropped-90427;0.0000000000;1;0;0.0202205882;0.3259803922;0.0000000000;1.0000000000;0;1;0.0000000000;1.0000000000;0;1;2;0.8000000000;0;1.0000000000;14.3051470054;57.9277991531;16.2904295221;9.6332495807;18.1957773745;9.9330984265;0.8933098426;531;0.3850000000;13;1;15;0.4000000000;0.6873822976;0.3747645951;4.7231638418;0.1807909605;4.7692307692;0.1923076923;0;1.0000000000;15;10.1390000000;23;12.5800000000;10;6.3880000000;18;8.6490000000;16;7.1980000000;40;20.4490000000;10;3.3920000000;15;7.2670000000;0.7203602941;1;1;0.3333333333;0.0625931938;0.9132000000;0.0306359716;0.2547323406;0.5592291951;0.1516517401;0.0038007188;0.7130544365;0.0000000000;-0.6369000000;0.0481304303;0.9508837461;0.0009832428;0.0000426980;0.0000100075;0.8926865207;0.5685185185
https://www.today.com/popculture/bachelor-stars-nick-viall-vanessa-grimaldi-speak-out-after-split-t115661;0.0000000000;0;0;0.0078431373;0.7385620915;0.0000000000;1.0000000000;0;1;0.0000000000;1.0000000000;0;1;0;1.0000000000;0;1.0000000000;4.7728682171;86.3727131783;8.6790697674;8.6273143387;5.2521317829;6.4976056085;0.3772868217;244;0.0000000000;11;1;18;0.5200000000;0.6352459016;0.2704918033;4.4385245902;0.1096311475;5.2727272727;0.3181818182;0;1.0000000000;4;1.3640000000;6;3.5320000000;2;0.5240000000;9;3.7210000000;6;3.1030000000;16;9.1280000000;0;0.0000000000;11;5.8610000000;0.7864078431;0;1;0.3333333333;0.1342773893;0.9842000000;0.0047948663;0.3929593563;0.5174494982;0.0841608718;0.0006853469;0.6753732623;0.0000000000;0.0000000000;0.0000100271;0.9648404121;0.0046244534;0.0305650700;0.0000100128;0.9999933200;0.4518240093
https://parade.com/674872/leahingram/11-freebies-for-national-doughnut-day-2018/;0.0000000000;1;0;0.0149082569;0.5030581040;0.1521739130;0.0000000000;0;1;0.1521739130;0.0000000000;1;0;2;0.8000000000;0;1.0000000000;9.9132608696;58.2564351511;10.4979120609;9.3588350040;10.6911245394;10.7517328904;0.8913260870;862;0.9366666667;10;1;46;1.0000000000;0.4222737819;0.0000000000;4.9385150812;0.2346287703;5.6000000000;0.4000000000;0;1.0000000000;1;0.5610000000;39;19.7390000000;0;0.0000000000;5;3.5370000000;3;1.3620000000;71;35.0260000000;28;7.9910000000;44;22.0060000000;0.7930688073;1;20;1.0000000000;0.2577548625;0.9992000000;0.0003348930;0.7293362617;0.0107865203;0.2554678917;0.0041244454;0.6657135539;0.4375000000;0.7263000000;0.0000100000;0.0038739999;0.0001918428;0.9959641695;0.0000100013;0.8491266662;0.5365526492
https://www.dailymail.co.uk/tvshowbiz/article-6244563/Kim-Kardashian-tells-Kourtney-pregnant-Khloe-look-like-f-ing-clowns-KUWTK.html;0.0000000000;1;0;0.0133779264;0.5540691193;0.1481481481;0.0123456790;0;1;0.0370370370;0.2592592593;0;1;0;1.0000000000;0;1.0000000000;7.9840000000;77.4014444444;10.9555555556;8.8689389539;10.2795111111;8.5823167733;0.6984000000;583;0.4716666667;15;1;27;0.8800000000;0.5420240137;0.0840480274;4.5300171527;0.1325042882;4.6666666667;0.1666666667;0;1.0000000000;12;4.8350000000;17;8.8810000000;4;1.4840000000;18;7.2170000000;5;1.5400000000;23;11.3340000000;12;5.5630000000;24;11.3710000000;0.8253344482;0;0;0.0000000000;0.1674511068;0.9116000000;0.0037523485;0.3455760479;0.5288581252;0.1217604429;0.0001030487;0.7243148676;0.3333333333;0.3612000000;0.0000153451;0.5911713839;0.3023011088;0.1065371633;0.0000249950;0.9999865533;0.6060794111
https://www.huffingtonpost.com/entry/fergie-and-josh-duhamel-separate_us_59b99854e4b0edff9718e93b;0.0000000000;1;0;0.0070921986;0.7635933806;0.0588235294;0.6078431373;0;1;0.0000000000;1.0000000000;0;1;0;1.0000000000;0;1.0000000000;5.8443697479;81.7638655462;9.7934927817;9.3708896784;6.4055656109;7.0822919267;0.4844369748;272;0.0000000000;10;1;17;0.4800000000;0.6176470588;0.2352941176;4.2279411765;0.0569852941;4.6000000000;0.1500000000;0;1.0000000000;2;0.5910000000;12;6.3990000000;2;0.6090000000;1;0.4690000000;2;0.2970000000;20;11.1170000000;6;2.2190000000;17;10.3910000000;0.7723971631;0;6;1.0000000000;0.1746527778;0.9905000000;0.0186592937;0.0032220141;0.3440871537;0.3093383312;0.3247432411;0.5585324884;0.0000000000;0.0000000000;0.0000100796;0.0000623854;0.0000100011;0.9997560382;0.0002114020;0.9999261728;0.5976190476
https://www.dailymail.co.uk/tvshowbiz/article-6439431/Rihanna-enjoys-quiet-dinner-billionaire-ex-boyfriend-Hassan-Jameel.html;0.0000000000;1;0;0.0062695925;0.7910135841;0.1052631579;0.2982456140;0;1;0.0000000000;1.0000000000;0;1;2;0.8000000000;0;1.0000000000;15.2319986676;45.1020086609;17.6090606262;13.3618734335;17.8051074284;11.5274076503;1.0000000000;628;0.5466666667;10;1;19;0.5600000000;0.5254777070;0.0509554140;4.8375796178;0.2093949045;6.4000000000;0.6000000000;0;1.0000000000;8;4.2600000000;10;5.6630000000;3;1.1090000000;9;3.9430000000;8;1.9530000000;34;15.9500000000;7;3.3040000000;17;9.6790000000;0.8562351097;0;0;0.0000000000;0.1067117960;-0.7514000000;0.1065508276;0.3232890964;0.5650787950;0.0044054980;0.0007256836;0.7966411629;0.0000000000;0.5106000000;0.0000100063;0.0000235218;0.0045070113;0.9954918623;0.0000175729;0.9929241402;0.6448568873
https://www.instyle.com/news/jennifer-aniston-donates-1-million-puerto-rico-hurricane-relief;0.0000000000;1;0;0.0046948357;0.8435054773;0.0000000000;1.0000000000;0;1;0.0909090909;0.0000000000;0;1;0;1.0000000000;0;1.0000000000;9.6486078173;59.4041106719;11.9717171717;10.9200550962;10.8237285903;11.1456226860;0.8648607817;203;0.0000000000;10;1;11;0.2400000000;0.6256157635;0.2512315271;4.9802955665;0.2450738916;5.8000000000;0.4500000000;0;1.0000000000;6;3.7380000000;4;2.2740000000;4;2.1560000000;11;7.6490000000;5;3.5470000000;14;6.3380000000;3;1.9910000000;14;6.9540000000;0.6746760563;0;6;1.0000000000;0.0006944444;0.9623000000;0.0050079646;0.0802405700;0.0231756195;0.5641387701;0.3274871707;0.5809682882;0.0000000000;0.4767000000;0.0000103128;0.0000128595;0.0000101191;0.0000707386;0.9999458790;0.6666812694;0.6053819444
https://pagesix.com/2017/11/28/beyonce-throws-jay-z-a-48th-birthday-bash-in-brooklyn/;0.0000000000;1;0;0.0222222222;0.2592592593;0.0000000000;1.0000000000;0;1;0.0000000000;1.0000000000;0;1;1;0.9000000000;0;1.0000000000;10.5748051948;64.0286363636;12.7844155844;10.1713716560;13.1927922078;10.5508225000;0.9550822500;171;0.0000000000;9;1;7;0.0800000000;0.7836257310;0.5672514620;4.8538011696;0.2134502924;5.0000000000;0.2500000000;0;1.0000000000;0;0.0000000000;3;1.8360000000;0;0.0000000000;1;0.3590000000;2;0.2970000000;10;6.0250000000;2;0.9840000000;6;2.8680000000;0.8625666667;0;1;0.3333333333;0.0859410431;0.9549000000;0.0195045955;0.5830039382;0.2017294019;0.1848480850;0.0109640034;0.6865771337;0.0000000000;0.0000000000;0.0068110875;0.0009555835;0.9922633767;0.0000100361;0.0000100000;0.9977263042;0.6235260771
https://www.dailymail.co.uk/tvshowbiz/article-5188081/Hailee-Steinfeld-celebrates-birthday-West-Hollywood.html;0.0000000000;1;0;0.0045126354;0.8495788207;0.0937500000;0.3750000000;0;1;0.1875000000;0.0000000000;0;1;0;1.0000000000;0;1.0000000000;14.0896919924;55.9956431098;17.3985736748;12.5361155614;17.6867166442;10.4708600377;0.9470860038;1101;1.0000000000;7;1;32;1.0000000000;0.4087193460;0.0000000000;4.6739327884;0.1684831971;6.8571428571;0.7142857143;0;1.0000000000;11;3.8170000000;46;23.6010000000;4;1.2970000000;22;9.3030000000;24;6.2860000000;81;46.4890000000;25;10.2880000000;58;28.7020000000;0.7657346570;0;2;0.6666666667;0.2107481918;0.9990000000;0.0845208913;0.4804010093;0.3778229952;0.0503167212;0.0069883787;0.6368302433;0.0000000000;0.5719000000;0.0140314745;0.2880422175;0.3799609244;0.3179999888;0.0000153387;0.9473843956;0.5801784837
https://www.dailymail.co.uk/tvshowbiz/article-6050073/Kourtney-Kardashian-NEVER-Scott-Disick-sees-friend.html;0.0000000000;1;0;0.0113065327;0.6231155779;0.0454545455;0.6969696970;0;1;0.1363636364;0.0000000000;0;1;3;0.7000000000;0;1.0000000000;15.2392637162;50.3293119083;18.0542717007;12.8396230526;19.2053553097;11.4980567290;1.0000000000;786;0.8100000000;10;1;22;0.6800000000;0.5012722646;0.0025445293;4.8625954198;0.2156488550;5.7000000000;0.4250000000;0;1.0000000000;7;3.8590000000;28;16.6370000000;4;1.3040000000;16;5.1920000000;5;1.8740000000;59;32.6570000000;14;5.7320000000;31;16.8820000000;0.7886005025;0;1;0.3333333333;0.1776901670;0.9930000000;0.0027515411;0.0665082559;0.2727915049;0.6557552218;0.0022435065;0.6696683175;0.0000000000;0.0000000000;0.0167878158;0.8124241233;0.0544614792;0.1125809252;0.0037955553;0.9931388763;0.5788690476
https://www.usmagazine.com/celebrity-news/news/jenna-bush-hager-has-emotional-reaction-to-matt-lauer-allegations/;0.0000000000;1;0;0.0162932790;0.4568906993;0.0000000000;1.0000000000;0;1;0.0322580645;0.3548387097;0;1;0;1.0000000000;0;1.0000000000;6.0056982651;80.1002671680;10.0724586054;9.6720408446;6.5781397190;7.4421470409;0.5005698265;481;0.3016666667;10;1;31;1.0000000000;0.5259875260;0.0519750520;4.3596673597;0.0899168399;5.6000000000;0.4000000000;0;1.0000000000;8;2.4290000000;7;3.4000000000;7;2.5960000000;8;3.4920000000;16;9.6890000000;16;8.3360000000;4;1.0550000000;20;10.9950000000;0.8289531568;0;4;1.0000000000;0.0246734587;-0.9484000000;0.7755532861;0.1168823838;0.0626901612;0.0124634383;0.0324607864;0.4317286425;0.0000000000;0.1531000000;0.0035149611;0.8204634190;0.1651012748;0.0081341341;0.0028361783;0.9978829535;0.5560214211
https://web.archive.org/web/20190103232622/http://time.com/money/5359764/bethenny-frankel/;0.0000000000;1;0;0.0047784535;0.8407182160;0.0451127820;0.6992481203;0;1;0.0000000000;1.0000000000;0;1;2;0.8000000000;0;1.0000000000;6.8049884534;77.9725735441;10.9379773896;10.1398489906;8.0874316018;8.2768925872;0.5804988453;2280;1.0000000000;22;1;133;1.0000000000;0.4109649123;0.0000000000;4.5855263158;0.1463815789;4.7272727273;0.1818181818;0;1.0000000000;38;10.3450000000;91;45.8830000000;14;6.3590000000;28;12.5490000000;37;16.2180000000;113;51.8810000000;38;11.4080000000;103;49.8190000000;0.8223614248;0;1;0.3333333333;0.1483179752;0.9998000000;0.0841768011;0.7219424844;0.1619373113;0.0244529415;0.0075404234;0.6362275918;0.0000000000;-0.2960000000;0.4602243602;0.5382706523;0.0015031403;0.0000313499;0.0000204368;0.8465850677;0.5614268552
https://www.usmagazine.com/celebrity-news/news/pregnant-kate-middleton-dances-with-paddington-bear-at-train-station-w509053/;0.0000000000;1;0;0.0183150183;0.3894993895;0.0000000000;1.0000000000;0;1;0.2500000000;0.0000000000;0;1;0;1.0000000000;0;1.0000000000;7.3516447368;71.9658881579;10.8605263158;10.2456883731;9.9190037594;11.1777285977;0.6351644737;265;0.0000000000;8;1;16;0.4400000000;0.6566037736;0.3132075472;4.9132075472;0.2283018868;6.5000000000;0.6250000000;0;1.0000000000;4;0.7700000000;11;5.9850000000;3;1.4930000000;7;3.0790000000;5;2.2960000000;23;10.6600000000;7;2.7260000000;4;2.1640000000;0.7862783883;0;3;1.0000000000;0.1082142857;0.9722000000;0.0682216361;0.4078986347;0.0613988750;0.3807032108;0.0818275809;0.6351835943;0.3333333333;0.0000000000;0.0000161473;0.6084910035;0.0000105188;0.3914161921;0.0001162166;0.9999558787;0.6568849206
https://web.archive.org/web/20190527072500/https://www.washingtonpost.com/news/soloish/wp/2018/09/04/colton-underwood-is-the-new-bachelor-heres-why-some-viewers-arent-happy/;0.0000000000;1;0;0.0152015863;0.4932804583;0.0340909091;0.7727272727;0;1;0.0227272727;0.5454545455;0;1;8;0.2000000000;0;1.0000000000;7.6094155844;71.6762662338;10.7402597403;10.0064904975;8.7657922078;9.2809067610;0.6609415584;1501;1.0000000000;12;1;88;1.0000000000;0.4550299800;0.0000000000;4.7148567622;0.1787141905;5.1666666667;0.2916666667;0;1.0000000000;10;4.9010000000;38;18.8550000000;13;3.6640000000;19;8.5520000000;27;12.0100000000;66;32.2390000000;19;7.0180000000;66;36.6420000000;0.8362445473;0;24;1.0000000000;0.1396037548;0.9995000000;0.0138529735;0.4116435051;0.4815046191;0.0840033069;0.0090456046;0.6593671406;0.4681818182;0.5719000000;0.0053762775;0.9945989847;0.0000548554;0.0000100344;0.0000100028;0.9502712399;0.4798696758
https://web.archive.org/web/20190105014016/http://www.bravotv.com/blogs/the-old-k-fed-is-dead-britney-spears-ex-kevin-federline-talks-fatherhood-and-where-the-heck;0.0000000000;1;0;0.0105263158;0.6491228070;0.1578947368;0.0000000000;0;1;0.0350877193;0.2982456140;0;1;0;1.0000000000;0;1.0000000000;2.5244463281;98.3056035036;7.4869795279;7.9204193232;2.7461036192;4.4315417204;0.1746103619;647;0.5783333333;18;1;57;1.0000000000;0.5115919629;0.0231839258;4.1344667697;0.0336166924;4.6666666667;0.1666666667;0;1.0000000000;2;0.4290000000;21;11.0490000000;2;0.6950000000;4;0.6040000000;12;2.5000000000;26;14.6510000000;3;0.6560000000;29;16.7640000000;0.8576000000;0;2;0.6666666667;0.2092294526;0.9985000000;0.0086285947;0.1311963797;0.6523608565;0.2017215937;0.0061425520;0.6627429511;-0.0500000000;-0.6486000000;0.0014814382;0.9581505060;0.0403609313;0.0000471299;0.0000100016;0.9004361868;0.5661913146
https://www.mercurynews.com/2018/06/26/serena-williams-says-she-might-quit-tennis-if-she-were-to-have-a-second-baby/;0.0000000000;1;0;0.0000000000;1.0000000000;0.0256410256;0.8290598291;1;0;0.0000000000;1.0000000000;0;1;0;1.0000000000;0;1.0000000000;3.9864620939;91.7824988429;8.2813292604;8.2623481158;4.9376543553;6.1664134116;0.2986462094;539;0.3983333333;12;1;39;1.0000000000;0.5250463822;0.0500927644;4.2356215213;0.0589053803;5.0833333333;0.2708333333;0;1.0000000000;8;3.6610000000;11;5.4930000000;1;0.2500000000;11;3.2930000000;6;1.6360000000;17;9.5450000000;4;1.9610000000;14;7.7260000000;0.8781669691;0;1;0.3333333333;0.1933304473;0.9979000000;0.0349180996;0.1819451451;0.7026128173;0.0372653008;0.0433086194;0.6419910936;0.5000000000;0.0000000000;0.0000493764;0.0069226893;0.9930234551;0.0000443160;0.0000101069;0.9999801723;0.4806948052
https://fox6now.com/2018/05/16/tmz-meghan-markles-half-sister-samantha-hospitalized-with-possible-broken-ankle/;0.0000000000;1;0;0.0000000000;1.0000000000;0.0000000000;1.0000000000;0;1;0.0000000000;1.0000000000;0;1;1;0.9000000000;0;1.0000000000;6.9359090909;74.7238636364;10.7212121212;10.1414284285;8.2576363636;9.1682584303;0.5935909091;161;0.0000000000;10;1;10;0.2000000000;0.6397515528;0.2795031056;4.6894409938;0.1723602484;7.1000000000;0.7750000000;0;1.0000000000;7;3.8640000000;1;0.5620000000;2;0.8130000000;10;6.0170000000;9;4.8600000000;5;2.5340000000;3;2.0160000000;2;1.1170000000;0.7452280702;0;1;0.3333333333;-0.1716666667;-0.7579000000;0.1385732442;0.3406963944;0.5125770569;0.0045617977;0.0036414508;0.7806617683;-0.2000000000;-0.4767000000;0.5968670249;0.0105348425;0.3923904896;0.0002239739;0.0000336986;0.8010330922;0.6016666667
https://www.britannica.com/biography/Anne-Wojcicki;0.0000000000;0;0;0.0080160321;0.7327989312;0.0000000000;1.0000000000;0;1;0.0000000000;1.0000000000;0;1;0;1.0000000000;0;1.0000000000;13.7698904382;33.5942247676;18.2471447543;15.4498995980;15.5994887118;15.9554575777;1.0000000000;494;0.3233333333;5;1;24;0.7600000000;0.5769230769;0.1538461538;5.7550607287;0.4387651822;6.6000000000;0.6500000000;0;1.0000000000;6;2.0640000000;17;7.6950000000;6;4.0810000000;10;5.4640000000;6;3.5090000000;10;3.8490000000;2;0.4450000000;20;10.8130000000;0.8480160321;0;4;1.0000000000;0.1332495877;0.9810000000;0.0609053932;0.8362056613;0.0844962075;0.0133871958;0.0050554969;0.6573463700;0.0000000000;0.0000000000;0.9944257736;0.0039603701;0.0000315316;0.0000100146;0.0016223042;0.6679839741;0.5692228407
https://www.ibtimes.com/kylie-jenner-helps-bff-jordyn-woods-pay-tribute-late-dad-2585871;0.0000000000;1;0;0.0166270784;0.4457640538;0.0277777778;0.8148148148;0;1;0.0555555556;0.0000000000;0;1;0;1.0000000000;1;0.5000000000;3.5028616352;90.9263102725;6.9752620545;7.4721359550;3.9431813417;6.0107916934;0.2502861635;410;0.1833333333;11;1;36;1.0000000000;0.5560975610;0.1121951220;4.3146341463;0.0786585366;4.4545454545;0.1136363636;0;1.0000000000;7;3.0590000000;11;4.8830000000;6;3.2020000000;8;4.7430000000;13;8.4490000000;25;12.6040000000;4;2.0540000000;24;15.4420000000;0.7413966746;0;5;1.0000000000;0.1560544218;0.9846000000;0.0047033136;0.2468973547;0.6485979557;0.0931137353;0.0067376741;0.6731196708;-0.3000000000;0.7804000000;0.1967149526;0.1522268206;0.3536659777;0.2974316478;0.0000105783;0.7474914897;0.5564512472
https://money.cnn.com/2018/03/08/media/barack-obama-netflix/index.html;0.0000000000;1;0;0.0000000000;1.0000000000;0.0000000000;1.0000000000;0;1;0.0000000000;1.0000000000;0;1;0;1.0000000000;0;1.0000000000;7.8656060606;68.0584090909;13.0242424242;11.9162772501;9.4993636364;10.7184009667;0.6865606061;329;0.0483333333;9;1;20;0.6000000000;0.5927051672;0.1854103343;4.8389057751;0.2097264438;5.1111111111;0.2777777778;0;1.0000000000;0;0.0000000000;15;6.7160000000;2;0.1560000000;2;0.4370000000;2;0.2280000000;11;4.3500000000;2;0.4540000000;25;12.7530000000;0.8515147929;1;2;0.6666666667;0.1231404959;0.9764000000;0.0076282090;0.0446271710;0.9205297232;0.0256616734;0.0016032257;0.6793228551;0.0000000000;0.0000000000;0.0000100650;0.9925550818;0.0073836981;0.0000910267;0.0000100018;0.9999933111;0.5387741047
https://www.dailymail.co.uk/tvshowbiz/article-5034303/Ellen-dresses-Karla-Kardashian-Halloween.html;0.0000000000;1;0;0.0048701299;0.8376623377;0.0500000000;0.6666666667;0;1;0.0500000000;0.0000000000;0;1;0;1.0000000000;0;1.0000000000;14.1473514377;49.3817939297;16.3538658147;12.4868329805;16.8972204473;11.5636134345;1.0000000000;609;0.5150000000;7;1;20;0.6000000000;0.5139573071;0.0279146141;4.9770114943;0.2442528736;5.8571428571;0.4642857143;0;1.0000000000;7;3.5510000000;12;6.6090000000;8;2.5850000000;12;5.0690000000;11;3.5340000000;24;12.3140000000;2;0.8430000000;8;4.1030000000;0.8746493506;0;0;0.0000000000;0.1872939715;0.9377000000;0.0084708380;0.3795634210;0.2787702978;0.3305022717;0.0027430300;0.7044620440;0.0000000000;0.0000000000;0.0000104094;1.0000090599;0.0000105679;0.0000100084;0.0000100000;0.9999931969;0.5585361552
https://www.elle.com/culture/celebrities/a20923158/kit-harington-rose-leslie-wedding-date/;0.0000000000;1;0;0.0126582278;0.5780590717;0.0000000000;1.0000000000;0;1;0.0625000000;0.0000000000;0;1;4;0.6000000000;0;1.0000000000;8.4484633758;69.4455613057;12.4359872611;11.2158383626;9.9225000000;9.5815831210;0.7448463376;306;0.0100000000;10;1;16;0.4400000000;0.6274509804;0.2549019608;4.7287581699;0.1821895425;5.3000000000;0.3250000000;0;1.0000000000;2;1.1200000000;7;4.3740000000;2;0.5160000000;5;1.3890000000;6;2.5120000000;22;12.0360000000;3;1.1950000000;12;7.1190000000;0.8084746835;0;2;0.6666666667;0.2024712644;0.9963000000;0.0538446978;0.6514831781;0.0170899071;0.2549020648;0.0227302294;0.6436083576;0.6000000000;0.0000000000;0.0000160837;0.0026057963;0.0000106819;0.9888832569;0.0085340561;0.9304832867;0.4620689655
https://www.theguardian.com/music/2017/may/07/nicki-minaj-twitter-college-tuition-student-loans-contest;0.0000000000;1;0;0.0069605568;0.7679814385;0.1052631579;0.2982456140;0;1;0.0000000000;1.0000000000;0;1;0;1.0000000000;0;1.0000000000;7.9083783444;77.6415550810;10.8258259013;8.7582892196;9.9875807059;8.3134952697;0.6908378344;417;0.1950000000;14;1;19;0.5600000000;0.5659472422;0.1318944844;4.3693045564;0.0923261391;4.5714285714;0.1428571429;0;1.0000000000;4;1.0220000000;17;7.9000000000;3;1.0870000000;11;2.8700000000;4;1.2600000000;20;8.2970000000;4;1.3910000000;24;11.8130000000;0.8346171694;0;7;1.0000000000;0.1737926136;0.9966000000;0.0338175558;0.6382119656;0.3185433447;0.0092909783;0.0001861800;0.6575987547;0.1000000000;0.5574000000;0.0000100002;0.0000926574;0.0000236606;0.9999136925;0.0000100134;0.9617266621;0.6207780934
https://www.nickiswift.com/97985/jennifer-lawrence-says-bad-reviews-mother-hurt-relationship-darren-aronofsky/;0.0000000000;1;0;0.0089020772;0.7032640950;0.0357142857;0.7619047619;0;1;0.1071428571;0.0000000000;1;0;0;1.0000000000;0;1.0000000000;3.4792436975;91.7458823529;8.3865546218;8.6694670951;3.6615168067;5.5068183029;0.2661516807;325;0.0416666667;12;1;28;0.9200000000;0.5600000000;0.1200000000;4.2707692308;0.0676923077;5.9166666667;0.4791666667;0;1.0000000000;8;4.6690000000;9;4.3730000000;7;3.3590000000;13;5.1100000000;15;6.0070000000;19;9.0340000000;5;2.0230000000;20;11.4520000000;0.7268427300;0;2;0.6666666667;0.0462365591;-0.7616000000;0.0855786949;0.7586688399;0.1364801228;0.0152704138;0.0040519778;0.7957231091;-0.8750000000;-0.8016000000;0.0000120274;0.0000429472;0.9999653101;0.0000197112;0.0000100000;0.5489259909;0.4327956989
https://www.cosmopolitan.com/entertainment/a21344416/adam-rippon-boyfriend-red-carpet-debut/;0.0000000000;1;0;0.0000000000;1.0000000000;0.0769230769;0.4871794872;0;1;0.0769230769;0.0000000000;0;1;2;0.8000000000;0;1.0000000000;8.5454687500;68.8699639423;11.1581730769;9.9614322134;10.1631069712;9.8450914766;0.7545468750;248;0.0000000000;12;1;13;0.3200000000;0.6854838710;0.3709677419;4.7983870968;0.1995967742;5.0000000000;0.2500000000;0;1.0000000000;3;1.0870000000;6;3.2100000000;1;0.1250000000;5;2.9770000000;3;2.1720000000;13;6.0030000000;2;0.4690000000;8;4.5190000000;0.8418307692;0;4;1.0000000000;0.1683857809;0.9782000000;0.0602709465;0.4545342922;0.1202405915;0.2967662811;0.0682378560;0.6383637325;0.0000000000;0.0000000000;0.2473039180;0.6267128587;0.1257180870;0.0002226828;0.0000924485;0.9175345445;0.5855089355
https://www.knoxnews.com/story/news/local/tennessee/2017/12/10/keaton-jones-bullying-viral-video-tennessee/939026001/;0.0000000000;1;0;0.0378933847;0.0000000000;0.0194174757;0.8705501618;0;1;0.0873786408;0.0000000000;0;1;8;0.2000000000;0;1.0000000000;5.6601973863;81.6653060846;8.4203759974;8.1482865469;7.2252855184;8.5067180274;0.4660197386;1544;1.0000000000;13;1;103;1.0000000000;0.4073834197;0.0000000000;4.5647668394;0.1411917098;5.6153846154;0.4038461538;0;1.0000000000;7;2.2470000000;34;14.7590000000;7;1.9290000000;16;5.8660000000;17;8.3690000000;78;31.8850000000;15;6.0240000000;74;41.3870000000;0.8555350032;0;52;1.0000000000;0.1807818942;0.9994000000;0.0204381794;0.1912145019;0.1044585407;0.5913707614;0.0925680026;0.6293979393;0.0000000000;-0.5994000000;0.0000128741;0.8828053474;0.0277091637;0.0895123482;0.0000103767;0.9337255831;0.4604761743
https://www.iheart.com/content/2018-01-28-chris-cornells-family-makes-first-red-carpet-appearance-since-his-death/;0.0000000000;1;0;0.0138888889;0.5370370370;0.0000000000;1.0000000000;0;1;0.0000000000;1.0000000000;0;1;0;1.0000000000;0;1.0000000000;10.5150877193;58.7220242915;13.6815114710;11.9871703427;12.1230121457;11.0522545158;0.9515087719;277;0.0000000000;11;1;13;0.3200000000;0.6425992780;0.2851985560;4.9638989170;0.2409747292;5.6363636364;0.4090909091;0;1.0000000000;9;5.0860000000;8;3.4840000000;9;3.9910000000;13;7.5830000000;12;8.5090000000;17;7.8560000000;7;3.8830000000;13;6.5300000000;0.6741527778;0;0;0.0000000000;0.0888716356;-0.8442000000;0.4320226610;0.2559010684;0.3023392260;0.0055892663;0.0041977586;0.6251265268;0.1250000000;-0.5994000000;0.0000965527;0.0000666428;0.9998306632;0.0000148394;0.0000412871;0.9336873867;0.6690993789
