url;rating;score_author;domain_ending;score_url_domain_ending;errors_grammar_spelling;score_errors;questions_text_per_sentence;score_tonality_questions_text;questions_title;score_tonality_questions_title;exclamations_text_per_sentence;score_tonality_exclamations_text;exclamations_title;score_tonality_exclamations_title;all_caps_text;score_tonality_all_caps_text;all_caps_title;score_tonality_all_caps_title;readability_coleman_liau;score_readability;word_count_text;score_ls_word_count_text;word_count_title;score_ls_word_count_title;sentence_count;score_ls_sentence_count;ttr;score_ls_type_token_ratio;word_length_text;score_ls_word_length_text;word_length_title;score_ls_word_length_title;profanity;score_vocabulary_profanity;anger_intensity;anticipation_intensity;disgust_intensity;fear_intensity;sadness_intensity;joy_intensity;surprise_intensity;trust_intensity;score_vocabulary_emotional_words;clickbait;score_clickbait;links_count;score_links_external;sentiment_text_vader;positivity_text_vader;negativity_text_vader;score_sentiment_polarity_text;sentiment_title_vader;positivity_title_vader;negativity_title_vader;score_sentiment_polarity_title;subjectivity;score_sentiment_subjectivity;credibility_score
https://web.archive.org/web/20180527165346/https://nowtrump.com/2018/03/breaking-supreme-court-sides-with-trump-this-changes-everything/;1.0000000000;0;0;0;0.0031847134;0.8407643312;0.0000000000;1.0000000000;0;1;0.0000000000;1.0000000000;1;0;0.0000000000;1.0000000000;1;0.0000000000;10.5056940423;0.6264235106;305;0.0100000000;9;1.0000000000;15;0.0000000000;0.5901639344;0.7254098361;4.7573770492;0.6765027322;6.1111111111;1.0000000000;0.0000000000;1.0000000000;0.0058726115;0.0164458599;0.0024872611;0.0145286624;0.0035477707;0.0105063694;0.0072898089;0.0475254777;0.3053850608;1;1;0;0.0000000000;0.9812000000;0.1440000000;0.0430000000;0.9874666667;0.5983000000;0.3570000000;0.0000000000;1.0000000000;0.4652031746;0.7826560847;0.4702307217
https://web.archive.org/web/20171120042453/http://yournewswire.com/pope-francis-jesus-metaphorical/;1.0000000000;1;0;0;0.0137457045;0.3127147766;0.0588235294;0.9411764706;0;1;0.0000000000;1.0000000000;0;1;0.0226876091;0.0000000000;0;1.0000000000;13.2601465266;1.0000000000;573;0.5460000000;9;1.0000000000;17;0.0000000000;0.5776614311;0.6941535777;5.1972076789;1.0000000000;5.1111111111;0.6111111111;0.0000000000;1.0000000000;0.0153625430;0.0135498282;0.0074621993;0.0192938144;0.0089948454;0.0219501718;0.0038264605;0.0308453608;0.0675413933;1;1;4;1.0000000000;-0.9824000000;0.0490000000;0.0930000000;0.0000000000;0.0000000000;0.0000000000;0.0000000000;1.0000000000;0.4787055743;0.7376480858;0.5306506055
https://web.archive.org/web/20171228115857/http://viraldevil.com/police-find-19-white-female-bodies-in-freezers-with-black-lives-matter-carved-into-skin/;1.0000000000;0;0;0;0.0055401662;0.7229916898;0.0000000000;1.0000000000;0;1;0.0000000000;1.0000000000;0;1;0.0009363296;0.8127340824;0;1.0000000000;9.1778635662;0.2944658916;1068;1.0000000000;15;0.5000000000;61;1.0000000000;0.3014981273;0.0037453184;4.5589887640;0.4119850187;4.8666666667;0.3666666667;0.0000000000;1.0000000000;0.0061043398;0.0075290859;0.0074072022;0.0123499538;0.0072927054;0.0139390582;0.0023804247;0.0182363804;0.9047427180;0;0;0;0.0000000000;-0.9824000000;0.0280000000;0.0620000000;0.0000000000;-0.0258000000;0.0000000000;0.0730000000;0.7566666667;0.4248779461;0.9170735129;0.5279804999
https://web.archive.org/web/20170602190500/http://dailyusaupdate.com/worse-hitler-trey-gowdys-son-found-dumpster-dc-murders-questioned/;1.0000000000;0;0;0;0.0132743363;0.3362831858;0.0000000000;1.0000000000;0;1;0.1000000000;0.0000000000;3;0;0.0000000000;1.0000000000;3;0.0000000000;8.0702877972;0.0175719493;210;0.0000000000;16;0.4000000000;10;0.0000000000;0.6476190476;0.8690476190;4.3476190476;0.1301587302;4.6250000000;0.1250000000;0.0000000000;1.0000000000;0.0060752212;0.0106327434;0.0064424779;0.0115884956;0.0148716814;0.0170663717;0.0066371681;0.0199469027;0.5770716010;1;1;0;0.0000000000;-0.9620000000;0.0360000000;0.1210000000;0.0000000000;-0.8936000000;0.0000000000;0.4940000000;0.0000000000;0.5671717172;0.4427609428;0.1986008169
https://worldnewsdailyreport.com/chinese-lunar-rover-finds-no-evidence-of-american-moon-landings/;1.0000000000;1;0;0;0.0034364261;0.8281786942;0.0000000000;1.0000000000;0;1;0.0000000000;1.0000000000;0;1;0.0000000000;1.0000000000;0;1.0000000000;14.2946290140;1.0000000000;281;0.0000000000;10;1.0000000000;8;0.0000000000;0.6049822064;0.7624555160;5.3487544484;1.0000000000;5.4000000000;0.9000000000;0.0000000000;1.0000000000;0.0010206186;0.0091237113;0.0044295533;0.0071340206;0.0041855670;0.0096494845;0.0015567010;0.0157869416;1.0000000000;1;1;0;0.0000000000;-0.8907000000;0.0550000000;0.0920000000;0.0000000000;-0.2960000000;0.0000000000;0.1960000000;0.3466666667;0.2421717172;1.0000000000;0.6291637959
https://sentinelksmo.org/breaking-greitens-accuser-admits-photo-session-may-dream/;1.0000000000;1;1;1;0.0000000000;1.0000000000;0.1612903226;0.2580645161;0;1;0.0000000000;1.0000000000;0;1;0.0000000000;1.0000000000;0;1.0000000000;7.3436916811;0.0000000000;417;0.2340000000;11;0.9000000000;31;0.6000000000;0.5011990408;0.5029976019;4.5947242206;0.4596322942;5.2727272727;0.7727272727;0.0000000000;1.0000000000;0.0143224299;0.0123738318;0.0046401869;0.0127570093;0.0050303738;0.0077079439;0.0022289720;0.0216144860;0.8059048428;1;1;0;0.0000000000;0.8731000000;0.0870000000;0.0630000000;0.9154000000;0.2960000000;0.1800000000;0.0000000000;1.0000000000;0.4400673401;0.8664421998;0.6768666792
https://web.archive.org/web/20180618195855/http://dailyheadlines.net/burka-clad-woman-runs-over-baby-gets-away-with-crime-for-1-stunning-reason/;1.0000000000;1;0;0;0.0093312597;0.5334370140;0.0625000000;0.9166666667;0;1;0.0000000000;1.0000000000;0;1;0.0015898251;0.6820349762;0;1.0000000000;8.1728204259;0.0432051065;629;0.6580000000;14;0.6000000000;32;0.7000000000;0.4753577107;0.4383942766;4.3736089030;0.1648118707;4.3571428571;0.0000000000;0.0000000000;1.0000000000;0.0230093313;0.0089284603;0.0112861586;0.0330155521;0.0263685848;0.0126671851;0.0156516330;0.0155629860;0.0000000000;0;0;1;0.3333333333;-0.9988000000;0.0420000000;0.1890000000;0.0000000000;-0.2263000000;0.1440000000;0.1930000000;0.3566666667;0.3786843034;1.0000000000;0.3389857258
https://web.archive.org/web/20180219203121/sportfella.com/breaking-fox-sports-cancels-nfl-broadcasts-players-respect-flag/;1.0000000000;0;0;0;0.0072463768;0.6376811594;0.0909090909;0.7272727273;0;1;0.0909090909;0.0000000000;0;1;0.0075757576;0.0000000000;2;0.0000000000;10.7175076136;0.6793769034;264;0.0000000000;12;0.8000000000;11;0.0000000000;0.6401515152;0.8503787879;4.7234848485;0.6313131313;5.5000000000;1.0000000000;0.0000000000;1.0000000000;0.0086376812;0.0090000000;0.0039347826;0.0108188406;0.0088115942;0.0181231884;0.0071304348;0.0161050725;0.7716073781;1;1;1;0.3333333333;-0.9311000000;0.1070000000;0.1580000000;0.0000000000;0.2960000000;0.2070000000;0.1270000000;0.5766666667;0.5284878864;0.5717070454;0.3885545346
http://sciencevibe.com/2018/04/11/dying-78-year-old-cia-agent-admits-to-killing-marilyn-monroe/;1.0000000000;0;0;0;0.0031250000;0.8437500000;0.0909090909;0.7272727273;0;1;0.1515151515;0.0000000000;0;1;0.0000000000;1.0000000000;0;1.0000000000;9.7185413990;0.4296353498;627;0.6540000000;13;0.7000000000;33;0.8000000000;0.4784688995;0.4461722488;4.6236044657;0.4981392876;4.6923076923;0.1923076923;0.0000000000;1.0000000000;0.0146000000;0.0081765625;0.0051140625;0.0213390625;0.0151703125;0.0049078125;0.0017828125;0.0248750000;0.5278977273;1;1;0;0.0000000000;-0.9960000000;0.1010000000;0.1580000000;0.0000000000;-0.4939000000;0.1180000000;0.2370000000;0.2100000000;0.5017094017;0.6609686610;0.4779581100
https://web.archive.org/web/20180220230210/usanewscentral.com/bill-clintons-hitman-confesses-on-his-deathbed-source-hannity/;1.0000000000;0;0;0;0.0096774194;0.5161290323;0.0000000000;1.0000000000;0;1;0.0000000000;1.0000000000;0;1;0.0000000000;1.0000000000;2;0.0000000000;8.5904331303;0.1476082826;301;0.0020000000;9;1.0000000000;15;0.0000000000;0.5880398671;0.7200996678;4.5016611296;0.3355481728;6.0000000000;1.0000000000;0.0000000000;1.0000000000;0.0124096774;0.0097903226;0.0149161290;0.0232967742;0.0156258065;0.0073225806;0.0007322581;0.0152032258;0.4673313783;0;0;0;0.0000000000;-0.8907000000;0.0570000000;0.0830000000;0.0000000000;0.0000000000;0.0000000000;0.0000000000;1.0000000000;0.4824917146;0.7250276179;0.3291784143
https://web.archive.org/web/20160806033734/http://associatedmediacoverage.com/motorcycle-owners-required-install-75-mph-governor-january-2017/;1.0000000000;1;0;0;0.0034782609;0.8260869565;0.0000000000;1.0000000000;0;1;0.0000000000;1.0000000000;0;1;0.0000000000;1.0000000000;0;1.0000000000;15.3021941099;1.0000000000;566;0.5320000000;9;1.0000000000;18;0.0000000000;0.4717314488;0.4293286219;5.4363957597;1.0000000000;5.5555555556;1.0000000000;0.0000000000;1.0000000000;0.0000000000;0.0051756522;0.0005443478;0.0051043478;0.0002173913;0.0022000000;0.0038991304;0.0175791304;1.0000000000;1;1;1;0.3333333333;0.9203000000;0.0740000000;0.0350000000;0.9468666667;0.0000000000;0.0000000000;0.0000000000;1.0000000000;0.5110263767;0.6299120776;0.8054307819
https://web.archive.org/web/20170910154408/http://dailynative.us/tornado-carries-mobile-home-130-miles-family-inside-unharmed/;1.0000000000;0;0;0;0.0067796610;0.6610169492;0.0000000000;1.0000000000;0;1;0.1000000000;0.0000000000;0;1;0.0000000000;1.0000000000;-10;1.0000000000;9.5949145575;0.3987286394;581;0.5620000000;9;1.0000000000;30;0.5000000000;0.5283993115;0.5709982788;4.5989672978;0.4652897303;5.7777777778;1.0000000000;0.0000000000;1.0000000000;0.0051796610;0.0146745763;0.0056694915;0.0251677966;0.0101813559;0.0260949153;0.0124491525;0.0161508475;0.1714946071;1;1;0;0.0000000000;0.9862000000;0.0930000000;0.0480000000;0.9908000000;0.0000000000;0.0000000000;0.0000000000;1.0000000000;0.4486842105;0.8377192982;0.5203527367
https://web.archive.org/web/20170831152546/https://www.washingtonpost.com/news/post-politics/wp/2015/11/25/first-family-visits-d-c-shelter-highlights-homeless-veterans-plight/;1.0000000000;0;0;0;0.0098684211;0.5065789474;0.1000000000;0.6666666667;0;1;0.0000000000;1.0000000000;0;1;0.0000000000;1.0000000000;0;1.0000000000;13.5529844933;1.0000000000;295;0.0000000000;9;1.0000000000;10;0.0000000000;0.6305084746;0.8262711864;5.2745762712;1.0000000000;6.6666666667;1.0000000000;0.0000000000;1.0000000000;0.0037894737;0.0115065789;0.0069967105;0.0123848684;0.0134934211;0.0165493421;0.0000000000;0.0328223684;0.4992224880;1;1;0;0.0000000000;0.9590000000;0.0690000000;0.0000000000;0.9726666667;0.0000000000;0.0000000000;0.0000000000;1.0000000000;0.1616666667;1.0000000000;0.6508969980
https://web.archive.org/web/20151219225350/urbanintellectuals.com/2013/05/07/nra-president-jim-porter-its-only-a-matter-of-time-before-we-can-own-colored-people-again/;1.0000000000;1;0;0;0.0124481328;0.3775933610;0.0000000000;1.0000000000;0;1;0.0588235294;0.0000000000;0;1;0.0129032258;0.0000000000;0;1.0000000000;6.6395585687;0.0000000000;465;0.3300000000;17;0.3000000000;34;0.9000000000;0.5870967742;0.7177419355;4.3397849462;0.1197132616;4.3529411765;0.0000000000;0.0003760812;0.0000000000;0.0161410788;0.0133734440;0.0075124481;0.0240352697;0.0101058091;0.0075103734;0.0024792531;0.0234066390;0.3715579027;0;0;3;1.0000000000;-0.9793000000;0.0690000000;0.1120000000;0.0000000000;0.0258000000;0.0640000000;0.0000000000;1.0000000000;0.5563991960;0.4786693465;0.3042080406
https://web.archive.org/web/20190607134239/http://theeconomiccollapseblog.com/archives/hurricane-irma-if-there-was-such-a-thing-as-a-category-6-hurricane-this-would-be-it;1.0000000000;1;0;0;0.0000000000;1.0000000000;0.0000000000;1.0000000000;0;1;0.0000000000;1.0000000000;0;1;0.0000000000;1.0000000000;0;1.0000000000;9.6534051715;0.4133512929;1026;1.0000000000;17;0.3000000000;45;1.0000000000;0.4337231969;0.3343079922;4.6150097466;0.4866796621;3.9411764706;0.0000000000;0.0000000000;1.0000000000;0.0151284756;0.0117468840;0.0010134228;0.0249348035;0.0042847555;0.0078341323;0.0046653883;0.0186692234;0.6676893576;1;1;11;1.0000000000;0.9960000000;0.0920000000;0.0340000000;0.9973333333;0.0000000000;0.0000000000;0.0000000000;1.0000000000;0.5674907558;0.4416974808;0.7169140582
https://web.archive.org/web/20180617014348/https://yournewswire.com/anthony-bourdain-killed-clinton-operatives/;1.0000000000;1;0;0;0.0223214286;0.0000000000;0.1428571429;0.3809523810;0;1;0.0000000000;1.0000000000;0;1;0.0022727273;0.5454545455;0;1.0000000000;10.7563680241;0.6890920060;440;0.2800000000;8;1.0000000000;28;0.3000000000;0.5477272727;0.6193181818;5.0545454545;1.0000000000;7.0000000000;1.0000000000;0.0000000000;1.0000000000;0.0241964286;0.0110535714;0.0079531250;0.0211183036;0.0145178571;0.0070714286;0.0069732143;0.0136183036;0.3363230519;1;1;8;1.0000000000;-0.9958000000;0.0490000000;0.1600000000;0.0000000000;-0.6705000000;0.0000000000;0.3910000000;0.0000000000;0.4997222222;0.6675925926;0.4943145120
https://conservativedailypost.com/us-representatives-promise-implement-of-un-gun-control-plans/;1.0000000000;1;0;0;0.0042238648;0.7888067582;0.0000000000;1.0000000000;0;1;0.0000000000;1.0000000000;0;1;0.0010649627;0.7870074547;0;1.0000000000;13.2368141797;1.0000000000;939;1.0000000000;8;1.0000000000;37;1.0000000000;0.4440894569;0.3602236422;5.1821086262;1.0000000000;6.1250000000;1.0000000000;0.0000000000;1.0000000000;0.0160707497;0.0091869060;0.0069746568;0.0239831045;0.0046620908;0.0056568110;0.0026145723;0.0363769799;0.3540750696;1;1;3;1.0000000000;0.9831000000;0.0940000000;0.0440000000;0.9887333333;0.3612000000;0.2630000000;0.0000000000;1.0000000000;0.3915969340;1.0000000000;0.8633453156
https://web.archive.org/web/20180309144220/https://www.nyfoxnews.co/michelle-obama-just-received-life-shattering-news-from-the-doctor/;1.0000000000;0;0;0;0.0035671819;0.8216409037;0.0357142857;1.0000000000;0;1;0.0000000000;1.0000000000;0;1;0.0000000000;1.0000000000;2;0.0000000000;9.8870434794;0.4717608698;832;1.0000000000;9;1.0000000000;28;0.3000000000;0.4531250000;0.3828125000;4.6574519231;0.5432692308;6.3333333333;1.0000000000;0.0000000000;1.0000000000;0.0133876338;0.0151379310;0.0096052319;0.0160273484;0.0171771700;0.0166195006;0.0137919144;0.0239143876;0.0000000000;0;0;1;0.3333333333;-0.9968000000;0.0930000000;0.1590000000;0.0000000000;0.0000000000;0.0000000000;0.0000000000;1.0000000000;0.4725940993;0.7580196691;0.3906016158
https://web.archive.org/web/20170619144927/http://breakingtop.world/2017/06/15/libtard-hero-al-franken-forced-resign-disgrace;1.0000000000;1;0;0;0.0091743119;0.5412844037;0.0000000000;1.0000000000;0;1;0.0000000000;1.0000000000;0;1;0.0047846890;0.0430622010;0;1.0000000000;10.6350128216;0.6587532054;209;0.0000000000;9;1.0000000000;11;0.0000000000;0.7177033493;1.0000000000;4.8660287081;0.8213716108;4.8888888889;0.3888888889;0.0000000000;1.0000000000;0.0126146789;0.0190642202;0.0158302752;0.0188623853;0.0194311927;0.0183669725;0.0104266055;0.0281284404;0.0000000000;1;1;1;0.3333333333;0.8074000000;0.1170000000;0.0810000000;0.8716000000;-0.6124000000;0.2090000000;0.5000000000;0.0000000000;0.4234375000;0.9218750000;0.4567527623
https://web.archive.org/web/20120527073004/https://mightynest.com/learn/research-by-concern/dangers-of-triclosan;1.0000000000;1;0;0;0.0083798883;0.5810055866;0.0930232558;0.7131782946;0;1;0.0465116279;0.0775193798;0;1;0.0014025245;0.7194950912;0;1.0000000000;13.0986225582;1.0000000000;713;0.8260000000;3;1.0000000000;43;1.0000000000;0.5511921459;0.6279803647;5.2973352034;1.0000000000;6.0000000000;1.0000000000;0.0000000000;1.0000000000;0.0033687151;0.0111885475;0.0110293296;0.0110335196;0.0074944134;0.0146843575;0.0024022346;0.0201368715;0.7938547486;1;1;3;1.0000000000;0.9981000000;0.1440000000;0.0430000000;0.9987333333;-0.4939000000;0.0000000000;0.6150000000;0.0000000000;0.4257710706;0.9140964312;0.7259752948
https://web.archive.org/web/20170528095037/http://uspoln.com/2017/05/23/rubio-rape-victims-custody-suspicion-theyre-planning-abortion/;1.0000000000;0;0;0;0.0048309179;0.7584541063;0.0000000000;1.0000000000;0;1;0.0000000000;1.0000000000;0;1;0.0025062657;0.4987468672;0;1.0000000000;9.8250002983;0.4562500746;399;0.1980000000;15;0.5000000000;15;0.0000000000;0.5664160401;0.6660401003;4.6842105263;0.5789473684;5.2000000000;0.7000000000;0.0000000000;1.0000000000;0.0118550725;0.0148574879;0.0226183575;0.0252439614;0.0238212560;0.0080966184;0.0045096618;0.0319758454;0.0000000000;1;1;1;0.3333333333;-0.9873000000;0.0830000000;0.1370000000;0.0000000000;-0.5994000000;0.0000000000;0.2740000000;0.0866666667;0.5725853776;0.4247154080;0.3829049229
https://web.archive.org/web/20180816230751/http://dailyfeed.news/flight-crew-takes-a-knee-and-walks-off-leaving-new-orleans-saints-stranded-on-runway/;1.0000000000;0;0;0;0.0151515152;0.2424242424;0.0000000000;1.0000000000;0;1;0.0000000000;1.0000000000;0;1;0.0000000000;1.0000000000;0;1.0000000000;9.2401128936;0.3100282234;183;0.0000000000;15;0.5000000000;11;0.0000000000;0.6775956284;0.9439890710;4.7049180328;0.6065573770;4.6666666667;0.1666666667;0.0000000000;1.0000000000;0.0019898990;0.0054848485;0.0000000000;0.0063131313;0.0091111111;0.0174545455;0.0027222222;0.0227222222;1.0000000000;1;1;0;0.0000000000;0.5267000000;0.1540000000;0.1340000000;0.6844666667;0.0000000000;0.0000000000;0.0000000000;1.0000000000;0.4681818182;0.7727272727;0.5289434133
https://web.archive.org/web/20181109142406/https://exclusive103.com/2018/04/30/thousands-killed-as-israel-drops-tactical-nuclear-bomb-on-syria/;1.0000000000;1;0;0;0.0084033613;0.5798319328;0.0000000000;1.0000000000;0;1;0.0000000000;1.0000000000;0;1;0.0093457944;0.0000000000;0;1.0000000000;10.9500402294;0.7375100573;107;0.0000000000;12;0.8000000000;3;0.0000000000;0.7289719626;1.0000000000;4.7943925234;0.7258566978;5.5833333333;1.0000000000;0.0000000000;1.0000000000;0.0355546218;0.0126806723;0.0008571429;0.0507731092;0.0205462185;0.0075966387;0.0272436975;0.0080084034;0.0000000000;1;1;0;0.0000000000;-0.2225000000;0.0320000000;0.0490000000;0.1850000000;-0.8020000000;0.0780000000;0.4010000000;0.0000000000;0.3125000000;1.0000000000;0.4198114150
https://web.archive.org/web/20170328124159/http://theseattletribune.com/idaho-mother-sentenced-prison-multiple-citations-public-breastfeeding/;1.0000000000;1;0;0;0.0097656250;0.5117187500;0.0000000000;1.0000000000;0;1;0.0625000000;0.0000000000;0;1;0.0000000000;1.0000000000;0;1.0000000000;11.3991151777;0.8497787944;503;0.4060000000;9;1.0000000000;16;0.0000000000;0.5546719682;0.6366799205;4.8886679920;0.8515573227;5.7777777778;1.0000000000;0.0003253090;0.0000000000;0.0141640625;0.0134550781;0.0140136719;0.0101328125;0.0082285156;0.0134511719;0.0008242188;0.0237558594;0.4904474432;1;1;5;1.0000000000;-0.8085000000;0.0390000000;0.0590000000;0.0000000000;-0.5267000000;0.0000000000;0.3860000000;0.0000000000;0.3213915470;1.0000000000;0.4828564961
https://web.archive.org/web/20190423072223/https://www.fda.gov/NewsEvents/Newsroom/PressAnnouncements/ucm598317.htm;1.0000000000;1;1;1;0.0027285130;0.8635743520;0.0638297872;0.9078014184;0;1;0.0000000000;1.0000000000;0;1;0.0000000000;1.0000000000;0;1.0000000000;13.1603249488;1.0000000000;1448;1.0000000000;18;0.2000000000;47;1.0000000000;0.3549723757;0.1374309392;5.2348066298;1.0000000000;6.1666666667;1.0000000000;0.0000000000;1.0000000000;0.0008792633;0.0092987722;0.0026698499;0.0107394270;0.0045572988;0.0041807640;0.0006398363;0.0157557981;1.0000000000;0;0;0;0.0000000000;0.9378000000;0.0930000000;0.0880000000;0.9585333333;0.6808000000;0.2590000000;0.0000000000;1.0000000000;0.4110653544;0.9631154853;0.7561982388
https://web.archive.org/web/20171209075503/https://mainerepublicemailalert.com/2017/06/24/breaking-johnny-depp-taken-into-custody-by-secret-service/;1.0000000000;1;0;0;0.0024390244;0.8780487805;0.0000000000;1.0000000000;0;1;0.0000000000;1.0000000000;0;1;0.0149625935;0.0000000000;1;0.0000000000;10.7746106328;0.6936526582;401;0.2020000000;9;1.0000000000;17;0.0000000000;0.6309226933;0.8273067332;4.7655860349;0.6874480466;5.4444444444;0.9444444444;0.0000000000;1.0000000000;0.0157414634;0.0043609756;0.0075634146;0.0237439024;0.0105487805;0.0081414634;0.0034487805;0.0269951220;0.4446563193;1;1;0;0.0000000000;-0.8689000000;0.0870000000;0.1020000000;0.0000000000;0.0000000000;0.0000000000;0.0000000000;1.0000000000;0.5898738467;0.3670871777;0.4784161076
https://notallowedto.com/great-white-shark-in-great-lakes/;1.0000000000;1;0;0;0.0031847134;0.8407643312;0.0000000000;1.0000000000;0;1;0.0000000000;1.0000000000;0;1;0.0032786885;0.3442622951;0;1.0000000000;10.4805417613;0.6201354403;305;0.0100000000;9;1.0000000000;12;0.0000000000;0.6327868852;0.8319672131;4.7639344262;0.6852459016;5.0000000000;0.5000000000;0.0000000000;1.0000000000;0.0202324841;0.0163152866;0.0033089172;0.0289840764;0.0091815287;0.0144171975;0.0053980892;0.0198566879;0.1328314997;0;0;0;0.0000000000;0.7528000000;0.1050000000;0.0890000000;0.8352000000;0.8481000000;0.5770000000;0.0000000000;1.0000000000;0.4822916667;0.7256944444;0.4554416683
https://web.archive.org/web/20180419065511/http://bitcoingrower.life/2018/04/15/apply-now-and-win-the-canada-diversity-immigration-visa-lottery-dv-2019-program-live-and-work-in-canada-insurance-loan-mortgage-tax-laws-mesothelioma/;1.0000000000;0;0;0;0.0089820359;0.5508982036;0.0000000000;1.0000000000;0;1;0.0000000000;1.0000000000;0;1;0.0031055901;0.3788819876;0;1.0000000000;14.8372390217;1.0000000000;322;0.0440000000;12;0.8000000000;5;0.0000000000;0.5341614907;0.5854037267;5.2888198758;1.0000000000;5.6666666667;1.0000000000;0.0000000000;1.0000000000;0.0000000000;0.0283263473;0.0000000000;0.0031886228;0.0007485030;0.0200598802;0.0028323353;0.0295089820;0.7333696244;1;1;2;0.6666666667;0.9922000000;0.1370000000;0.0190000000;0.9948000000;0.5859000000;0.2570000000;0.0000000000;1.0000000000;0.3819523810;1.0000000000;0.6917403608
https://web.archive.org/web/20180616013957/https://www.viralwdc.site/national-guard-storms-mexico-border-makes-game-changing-impact-in-just-30-days/;1.0000000000;0;0;0;0.0039421813;0.8028909330;0.0344827586;1.0000000000;0;1;0.1034482759;0.0000000000;0;1;0.0013351135;0.7329773031;0;1.0000000000;11.7957537418;0.9489384355;749;0.8980000000;12;0.8000000000;29;0.4000000000;0.4953271028;0.4883177570;4.9986648865;0.9982198487;5.5833333333;1.0000000000;0.0000000000;1.0000000000;0.0079356110;0.0087792378;0.0041918528;0.0151208936;0.0041879106;0.0055137976;0.0060985545;0.0263219448;0.8518217656;1;1;2;0.6666666667;0.8392000000;0.0820000000;0.0670000000;0.8928000000;0.0000000000;0.0000000000;0.0000000000;1.0000000000;0.3622315593;1.0000000000;0.7374812580
https://web.archive.org/web/20180806114351/http://freeinfomedia.com/breaking-supreme-court-issues-first-bench-warrant-ever/;1.0000000000;0;0;0;0.0000000000;1.0000000000;0.0000000000;1.0000000000;0;1;0.0000000000;1.0000000000;0;1;0.0000000000;1.0000000000;1;0.0000000000;10.1190035345;0.5297508836;224;0.0000000000;9;1.0000000000;9;0.0000000000;0.6294642857;0.8236607143;4.8080357143;0.7440476190;5.5555555556;1.0000000000;0.0000000000;1.0000000000;0.0114849785;0.0275922747;0.0037896996;0.0163690987;0.0037296137;0.0118626609;0.0000000000;0.0303133047;0.3610612563;1;1;0;0.0000000000;0.8180000000;0.1010000000;0.0710000000;0.8786666667;0.5574000000;0.3100000000;0.0000000000;1.0000000000;0.4571428571;0.8095238095;0.5223444530
https://web.archive.org/web/20170801080534/www.ajeteys.com/ill-make-sure-jailed-donald-trump-tells-ghanas-prez-mahama/;1.0000000000;0;0;0;0.0080321285;0.5983935743;0.0000000000;1.0000000000;0;1;0.0000000000;1.0000000000;0;1;0.0000000000;1.0000000000;0;1.0000000000;11.0953357613;0.7738339403;237;0.0000000000;12;0.8000000000;14;0.0000000000;0.5991561181;0.7478902954;5.0168776371;1.0000000000;4.7500000000;0.2500000000;0.0019556714;0.0000000000;0.0130642570;0.0127991968;0.0156546185;0.0129357430;0.0021686747;0.0113574297;0.0188192771;0.0279156627;0.1870025557;0;0;0;0.0000000000;-0.0798000000;0.1110000000;0.1200000000;0.2801333333;-0.2263000000;0.1480000000;0.2060000000;0.3133333333;0.5869212963;0.3769290123;0.3686098471
https://newstarget.com/2016-02-23-usda-approves-slaughterhouses-producing-horse-meat-for-human-consumption.html;1.0000000000;0;0;0;0.0042372881;0.7881355932;0.0000000000;1.0000000000;0;1;0.0000000000;1.0000000000;0;1;0.0021598272;0.5680345572;0;1.0000000000;11.9064668996;0.9766167249;463;0.3260000000;9;1.0000000000;21;0.0000000000;0.5658747300;0.6646868251;5.0043196544;1.0000000000;7.1111111111;1.0000000000;0.0000000000;1.0000000000;0.0031949153;0.0069025424;0.0015233051;0.0060911017;0.0026483051;0.0154427966;0.0007605932;0.0447500000;0.7942989214;1;1;0;0.0000000000;0.9736000000;0.1070000000;0.0560000000;0.9824000000;0.4019000000;0.2520000000;0.0000000000;1.0000000000;0.4049257885;0.9835807050;0.7321216011
https://web.archive.org/web/20180410060733/https://boingboing.net/2018/04/09/fox-news-accidentally-puts-up.html;1.0000000000;0;0;0;0.0311111111;0.0000000000;0.0000000000;1.0000000000;0;1;0.0769230769;0.0000000000;0;1;0.0048076923;0.0384615385;0;1.0000000000;8.1785676509;0.0446419127;208;0.0000000000;17;0.3000000000;13;0.0000000000;0.6634615385;0.9086538462;4.4903846154;0.3205128205;4.5882352941;0.0882352941;0.0000000000;1.0000000000;0.0000000000;0.0124311111;0.0000000000;0.0033333333;0.0020844444;0.0013866667;0.0090266667;0.0362311111;1.0000000000;0;0;9;1.0000000000;0.6957000000;0.0950000000;0.0740000000;0.7971333333;-0.6065000000;0.0000000000;0.2480000000;0.1733333333;0.4809941520;0.7300194932;0.2738126828
https://web.archive.org/web/20180625133917/https://fellowshipoftheminds.com/2018/03/30/application-for-march-for-our-lives-permit-was-made-months-before/;1.0000000000;1;0;0;0.0083945435;0.5802728227;0.0882352941;0.7450980392;0;1;0.0000000000;1.0000000000;0;1;0.0021299255;0.5740149095;0;1.0000000000;13.2327413074;1.0000000000;939;1.0000000000;14;0.6000000000;34;0.9000000000;0.3993610224;0.2484025559;5.2044728435;1.0000000000;5.5000000000;1.0000000000;0.0000000000;1.0000000000;0.0157827912;0.0075330535;0.0004260231;0.0244260231;0.0137282267;0.0062423924;0.0007219307;0.0324123820;0.4314032243;1;1;5;1.0000000000;0.9931000000;0.0780000000;0.0160000000;0.9954000000;0.0000000000;0.0000000000;0.0000000000;1.0000000000;0.4323381543;0.8922061524;0.8262870058
https://web.archive.org/web/20181015163454/http://nyeveningnews.com/2018/05/08/pope-francis-gun-owners-cant-call-themselves-christian-anymore/;1.0000000000;0;0;0;0.0370370370;0.0000000000;0.0000000000;1.0000000000;0;1;1.0000000000;0.0000000000;0;1;0.0000000000;1.0000000000;0;1.0000000000;11.2512910313;0.8128227578;126;0.0000000000;9;1.0000000000;3;0.0000000000;0.7301587302;1.0000000000;4.8095238095;0.7460317460;6.1111111111;1.0000000000;0.0000000000;1.0000000000;0.0271629630;0.0084962963;0.0024888889;0.0327407407;0.0096814815;0.0151407407;0.0000000000;0.0125555556;0.3042424242;0;0;0;0.0000000000;-0.7079000000;0.0630000000;0.1130000000;0.0000000000;-0.3400000000;0.0000000000;0.2310000000;0.2300000000;0.4738095238;0.7539682540;0.3011896040
https://web.archive.org/web/20180924025904/yournewswire.com/smallville-star-sold-children-rothschilds-clintons/;1.0000000000;1;0;0;0.0060301508;0.6984924623;0.0000000000;1.0000000000;0;1;0.0000000000;1.0000000000;0;1;0.0040609137;0.1878172589;0;1.0000000000;11.0401510682;0.7600377671;985;1.0000000000;10;1.0000000000;56;1.0000000000;0.4994923858;0.4987309645;4.9248730964;0.8998307953;6.2000000000;1.0000000000;0.0001651255;0.0000000000;0.0139487437;0.0158341709;0.0056301508;0.0230311558;0.0102884422;0.0149829146;0.0030301508;0.0225135678;0.2861946094;0;0;11;1.0000000000;-0.9938000000;0.0570000000;0.1060000000;0.0000000000;0.0000000000;0.0000000000;0.0000000000;1.0000000000;0.4557521915;0.8141593616;0.5792913193
https://nypost.com/2017/11/06/ex-friends-say-shooter-was-creepy-atheist-who-berated-religious-people/;1.0000000000;1;0;0;0.0233644860;0.0000000000;0.0000000000;1.0000000000;0;1;0.1000000000;0.0000000000;0;1;0.0048309179;0.0338164251;0;1.0000000000;9.4095510000;0.3523877500;207;0.0000000000;7;1.0000000000;10;0.0000000000;0.6811594203;0.9528985507;4.6328502415;0.5104669887;5.2857142857;0.7857142857;0.0000000000;1.0000000000;0.0048598131;0.0219672897;0.0025560748;0.0265000000;0.0077383178;0.0265607477;0.0016775701;0.0258598131;0.1323704333;0;0;1;0.3333333333;0.1037000000;0.0750000000;0.0690000000;0.4024666667;0.0000000000;0.0000000000;0.0000000000;1.0000000000;0.3819444444;1.0000000000;0.3181662864
https://notallowedto.com/babysitter-on-drug-eats-toddler/;1.0000000000;1;0;0;0.0151975684;0.2401215805;0.0000000000;1.0000000000;0;1;0.0000000000;1.0000000000;0;1;0.0000000000;1.0000000000;0;1.0000000000;11.6564246615;0.9141061654;321;0.0420000000;8;1.0000000000;11;0.0000000000;0.6168224299;0.7920560748;4.8598130841;0.8130841121;5.1250000000;0.6250000000;0.0000000000;1.0000000000;0.0015197568;0.0121094225;0.0066960486;0.0160942249;0.0116747720;0.0197142857;0.0009969605;0.0352006079;0.3817076540;0;0;0;0.0000000000;-0.8930000000;0.0240000000;0.0640000000;0.0000000000;0.0000000000;0.0000000000;0.0000000000;1.0000000000;0.4660493827;0.7798353909;0.4453789124
https://web.archive.org/web/20180327213804/http://stluciantimes.com/breaking-irish-superstar-saoirse-ronan-dies-after-on-set-accident-in-st-lucia/;1.0000000000;1;0;0;0.0064239829;0.6788008565;0.0000000000;1.0000000000;0;1;0.0000000000;1.0000000000;0;1;0.0000000000;1.0000000000;1;0.0000000000;12.4015235152;1.0000000000;455;0.3100000000;12;0.8000000000;20;0.0000000000;0.5296703297;0.5741758242;5.0813186813;1.0000000000;5.5833333333;1.0000000000;0.0000000000;1.0000000000;0.0061541756;0.0311456103;0.0041477516;0.0262719486;0.0338265525;0.0342826552;0.0231434690;0.0311113490;0.0000000000;0;0;0;0.0000000000;0.9162000000;0.1460000000;0.1340000000;0.9441333333;-0.4767000000;0.0000000000;0.2200000000;0.2666666667;0.4448412698;0.8505291005;0.3957091587
https://www.independent.co.uk/arts-entertainment/music/news/donald-trump-inauguration-ceremony-artists-performing-elton-john-legend-celine-dion-a7492991.html;1.0000000000;1;0;0;0.0090439276;0.5478036176;0.0540540541;0.9729729730;0;1;0.0000000000;1.0000000000;0;1;0.0026420079;0.4715984148;0;1.0000000000;9.2285398683;0.3071349671;757;0.9140000000;17;0.3000000000;37;1.0000000000;0.5310435931;0.5776089828;4.6763540291;0.5684720387;5.5294117647;1.0000000000;0.0000000000;1.0000000000;0.0064392765;0.0110801034;0.0052480620;0.0066808786;0.0059302326;0.0136589147;0.0099405685;0.0235361757;0.7724688748;0;0;5;1.0000000000;0.9363000000;0.0840000000;0.0590000000;0.9575333333;0.0000000000;0.0000000000;0.0000000000;1.0000000000;0.5351224519;0.5495918271;0.6187447993
https://web.archive.org/web/20180119175135/http://yournewswire.com/youngest-leader-george-soros/;1.0000000000;1;0;0;0.0125313283;0.3734335840;0.0000000000;1.0000000000;0;1;0.0000000000;1.0000000000;0;1;0.0025641026;0.4871794872;0;1.0000000000;12.0686205381;1.0000000000;390;0.1800000000;9;1.0000000000;16;0.0000000000;0.6128205128;0.7820512821;5.0102564103;1.0000000000;6.4444444444;1.0000000000;0.0000000000;1.0000000000;0.0112932331;0.0117669173;0.0051102757;0.0197944862;0.0091954887;0.0140451128;0.0058370927;0.0263583960;0.3927090453;1;1;2;0.6666666667;-0.1082000000;0.0840000000;0.0800000000;0.2612000000;0.0000000000;0.0000000000;0.0000000000;1.0000000000;0.4618316027;0.7938946575;0.6131310641
https://web.archive.org/web/20170314174618/http://wbn12.com/rosenberg-tx/new-star-wars-movie-filming-near-rosenberg-texas-large-number-of-extras-needed/;1.0000000000;0;0;0;0.0260416667;0.0000000000;0.0000000000;1.0000000000;0;1;0.0000000000;1.0000000000;0;1;0.0056818182;0.0000000000;1;0.0000000000;10.9303833687;0.7325958422;176;0.0000000000;16;0.4000000000;7;0.0000000000;0.6704545455;0.9261363636;4.8409090909;0.7878787879;4.6875000000;0.1875000000;0.0000000000;1.0000000000;0.0000000000;0.0388229167;0.0022812500;0.0041197917;0.0021770833;0.0248697917;0.0132656250;0.0220208333;0.3171401515;0;0;3;1.0000000000;0.9657000000;0.1280000000;0.0440000000;0.9771333333;-0.5106000000;0.0650000000;0.1810000000;0.3966666667;0.4955882353;0.6813725490;0.3192961359
https://web.archive.org/web/20180106060131/http://smag31.com/mom-applies-remedy-baby-moments-later-dies-careful-moms/;1.0000000000;0;0;0;0.0000000000;1.0000000000;0.0000000000;1.0000000000;0;1;0.0000000000;1.0000000000;1;0;0.0000000000;1.0000000000;0;1.0000000000;8.4956938338;0.1239234584;371;0.1420000000;16;0.4000000000;22;0.0000000000;0.5902964960;0.7257412399;4.4582210243;0.2776280323;4.0625000000;0.0000000000;0.0000000000;1.0000000000;0.0031291990;0.0233152455;0.0049870801;0.0180465116;0.0222067183;0.0268682171;0.0033281654;0.0321033592;0.0000000000;0;0;0;0.0000000000;-0.8674000000;0.1070000000;0.1250000000;0.0000000000;0.2244000000;0.1120000000;0.0000000000;1.0000000000;0.4133975813;0.9553413958;0.2640428499
https://web.archive.org/web/20180707030042/http://econewsmedia.org/2018/02/01/nfl-lawyer-claimed-super-bowl-rigged-found-dead/;1.0000000000;0;1;1;0.0050916497;0.7454175153;0.1857142857;0.0952380952;0;1;0.0142857143;0.7936507937;0;1;0.0000000000;1.0000000000;0;1.0000000000;8.6340676630;0.1585169157;972;1.0000000000;10;1.0000000000;70;1.0000000000;0.4609053498;0.4022633745;4.6378600823;0.5171467764;4.5000000000;0.0000000000;0.0003500788;0.0000000000;0.0107158859;0.0143604888;0.0054674134;0.0075926680;0.0062342159;0.0178482688;0.0076751527;0.0240977597;0.5637844844;1;1;0;0.0000000000;0.9980000000;0.1650000000;0.0880000000;0.9986666667;-0.1027000000;0.2410000000;0.2650000000;0.1166666667;0.4042760943;0.9857463524;0.5968200805
https://madworldnews.com/hillary-dead-body-huma-abedin/;1.0000000000;1;0;0;0.0029673591;0.8516320475;0.0645161290;0.9032258065;0;1;0.0000000000;1.0000000000;0;1;0.0000000000;1.0000000000;0;1.0000000000;9.9882460283;0.4970615071;662;0.7240000000;12;0.8000000000;31;0.6000000000;0.4486404834;0.3716012085;4.6993957704;0.5991943605;5.4166666667;0.9166666667;0.0000000000;1.0000000000;0.0098041543;0.0087729970;0.0140163205;0.0187759644;0.0166305638;0.0113679525;0.0049362018;0.0295296736;0.2030213110;1;1;3;1.0000000000;-0.9955000000;0.0420000000;0.1160000000;0.0000000000;-0.7096000000;0.0000000000;0.3710000000;0.0000000000;0.3978310984;1.0000000000;0.5620593124
https://web.archive.org/web/20171228122750/https://www.empiresports.co/colorado-rockies-baseball-team-to-sell-marijuana-brownies-at-their-concession-stands/;1.0000000000;0;0;0;0.0098039216;0.5098039216;0.2222222222;0.0000000000;0;1;0.0000000000;1.0000000000;0;1;0.0052083333;0.0000000000;0;1.0000000000;11.2133701554;0.8033425389;192;0.0000000000;12;0.8000000000;9;0.0000000000;0.5885416667;0.7213541667;4.8593750000;0.8125000000;6.0833333333;1.0000000000;0.0000000000;1.0000000000;0.0003823529;0.0132107843;0.0000000000;0.0006078431;0.0000000000;0.0177892157;0.0024509804;0.0273137255;1.0000000000;1;1;1;0.3333333333;0.9473000000;0.0870000000;0.0060000000;0.9648666667;0.0000000000;0.0000000000;0.0000000000;1.0000000000;0.4248160173;0.9172799423;0.6417361054
https://www.cnn.com/2018/05/14/politics/melania-trump-surgery/index.html;1.0000000000;1;0;0;0.0041958042;0.7902097902;0.0000000000;1.0000000000;0;1;0.0277777778;0.4938271605;0;1;0.0000000000;1.0000000000;0;1.0000000000;11.1989491167;0.7997372792;705;0.8100000000;10;1.0000000000;36;1.0000000000;0.5375886525;0.5939716312;4.8992907801;0.8657210402;5.9000000000;1.0000000000;0.0000000000;1.0000000000;0.0046797203;0.0119664336;0.0011356643;0.0127426573;0.0057664336;0.0143664336;0.0115132867;0.0312391608;0.5743674507;1;1;0;0.0000000000;0.9981000000;0.1360000000;0.0340000000;0.9987333333;0.0000000000;0.0000000000;0.0000000000;1.0000000000;0.3206132756;1.0000000000;0.8225651450
https://web.archive.org/web/20180324230638/https://yournewswire.com/tens-of-thousands-of-scientists-declare-climate-change-a-hoax/;1.0000000000;1;0;0;0.0031298905;0.8435054773;0.0000000000;1.0000000000;0;1;0.0000000000;1.0000000000;0;1;0.0015898251;0.6820349762;0;1.0000000000;12.9836273878;1.0000000000;629;0.6580000000;10;1.0000000000;19;0.0000000000;0.5818759936;0.7046899841;5.1287758347;1.0000000000;5.2000000000;0.7000000000;0.0000000000;1.0000000000;0.0091424100;0.0102253521;0.0119186228;0.0113693271;0.0101940532;0.0085258216;0.0036791862;0.0258012520;0.6207995447;1;1;3;1.0000000000;0.9860000000;0.1170000000;0.0550000000;0.9906666667;-0.2732000000;0.0000000000;0.1890000000;0.3700000000;0.4051673451;0.9827755164;0.7430163331
https://web.archive.org/web/20170822021322/http://newsconservative.com/breaking-barcelona-terrorist-cousin-us-named-barack;1.0000000000;0;0;0;0.0169491525;0.1525423729;0.0769230769;0.8205128205;0;1;0.0000000000;1.0000000000;0;1;0.0000000000;1.0000000000;2;0.0000000000;8.0375385259;0.0093846315;225;0.0000000000;11;0.9000000000;13;0.0000000000;0.6400000000;0.8500000000;4.5022222222;0.3362962963;4.9090909091;0.4090909091;0.0000000000;1.0000000000;0.0273389831;0.0143177966;0.0193601695;0.0408050847;0.0275847458;0.0140762712;0.0176440678;0.0284364407;0.0000000000;1;1;1;0.3333333333;-0.9939000000;0.0460000000;0.2020000000;0.0000000000;-0.6908000000;0.0000000000;0.3200000000;0.0000000000;0.4801282051;0.7329059829;0.2429356161
https://web.archive.org/web/20190408195535/http://www.someonesbones.com/blog/delta-force-raids-obama-stronghold-in-thailand/;1.0000000000;0;0;0;0.0103986135;0.4800693241;0.0000000000;1.0000000000;0;1;0.0000000000;1.0000000000;0;1;0.0070175439;0.0000000000;0;1.0000000000;14.0000074721;1.0000000000;570;0.5400000000;7;1.0000000000;25;0.0000000000;0.6578947368;0.8947368421;5.3315789474;1.0000000000;5.7142857143;1.0000000000;0.0000000000;1.0000000000;0.0087885615;0.0079480069;0.0060103986;0.0129012132;0.0077053726;0.0095736568;0.0095563258;0.0221455806;0.7340160706;1;1;0;0.0000000000;0.9717000000;0.0860000000;0.0300000000;0.9811333333;0.1280000000;0.2000000000;0.0000000000;1.0000000000;0.4013362865;0.9955457118;0.7091299668
http://abcnews.go.com/ThisWeek/week-transcript-target-libya/story?id=13178623&page=3;0.0000000000;1;0;0;0.0636942675;0.0000000000;0.1910112360;0.0599250936;0;1;0.0000000000;1.0000000000;0;1;0.0010197578;0.7960484385;0;1.0000000000;9.6044250172;0.4011062543;7845;1.0000000000;5;1.0000000000;534;1.0000000000;0.2590184831;0.0000000000;4.8383683875;0.7844911833;5.8000000000;1.0000000000;0.0000210256;0.0000000000;0.0073779618;0.0081876433;0.0025206369;0.0169975796;0.0063568153;0.0065749045;0.0048673885;0.0217258599;0.9162038217;1;1;0;0.0000000000;0.9985000000;0.1000000000;0.0830000000;0.9990000000;0.0000000000;0.0000000000;0.0000000000;1.0000000000;0.4199698805;0.9334337315;0.7281375585
https://web.archive.org/web/20070911181319/http://pol.moveon.org/petraeus.html;0.0000000000;0;1;1;0.0046920821;0.7653958944;0.0000000000;1.0000000000;1;0;0.0000000000;1.0000000000;0;1;0.0035398230;0.2920353982;0;1.0000000000;11.5107043755;0.8776760939;1695;1.0000000000;10;1.0000000000;87;1.0000000000;0.4548672566;0.3871681416;4.9982300885;0.9976401180;5.6000000000;1.0000000000;0.0000000000;1.0000000000;0.0118340176;0.0100533724;0.0030152493;0.0182967742;0.0100604106;0.0078369501;0.0039313783;0.0191466276;0.7422767262;1;1;1;0.3333333333;0.9777000000;0.1070000000;0.0910000000;0.9851333333;-0.6369000000;0.0000000000;0.3440000000;0.0000000000;0.4313893178;0.8953689408;0.7660223919
https://www.sasse.senate.gov/public/index.cfm/press-releases?ID=BB3AAE5D-F593-4228-9008-C6BCC8D3FC2B;0.0000000000;0;1;1;0.0000000000;1.0000000000;0.0000000000;1.0000000000;0;1;0.0000000000;1.0000000000;0;1;0.0000000000;1.0000000000;0;1.0000000000;9.4346955882;0.3586738971;81;0.0000000000;5;1.0000000000;6;0.0000000000;0.7654320988;1.0000000000;4.9382716049;0.9176954733;4.8000000000;0.3000000000;0.0019047619;0.0000000000;0.0040697674;0.0120000000;0.0018139535;0.0190465116;0.0157906977;0.0123023256;0.0072558140;0.0328953488;0.3604651163;1;1;0;0.0000000000;0.6597000000;0.1420000000;0.0960000000;0.7731333333;-0.5994000000;0.0000000000;0.4940000000;0.0000000000;0.4301388889;0.8995370370;0.5130966047
http://www.pbs.org/wnet/need-to-know/economy/this-labor-day-we-need-protests/11228/;0.0000000000;0;1;1;0.0000000000;1.0000000000;0.0000000000;1.0000000000;0;1;0.0000000000;1.0000000000;0;1;0.0000000000;1.0000000000;0;1.0000000000;10.1595402819;0.5398850705;255;0.0000000000;3;1.0000000000;15;0.0000000000;0.4000000000;0.2500000000;4.7960784314;0.7281045752;3.3333333333;0.0000000000;0.0000000000;1.0000000000;0.0227015504;0.0088682171;0.0156201550;0.0327790698;0.0324031008;0.0137945736;0.0000000000;0.0110775194;0.0000000000;0;0;0;0.0000000000;-0.3213000000;0.0460000000;0.0540000000;0.1191333333;0.0000000000;0.0000000000;0.0000000000;1.0000000000;0.5231404959;0.5895316804;0.3966566563
http://time.com/3920332/transcript-full-text-hillary-clinton-campaign-launch/;0.0000000000;1;0;0;0.0000000000;1.0000000000;0.0000000000;1.0000000000;0;1;0.0000000000;1.0000000000;0;1;0.0000000000;1.0000000000;0;1.0000000000;10.3695790238;0.5923947560;42;0.0000000000;10;1.0000000000;2;0.0000000000;0.8809523810;1.0000000000;4.6904761905;0.5873015873;5.9000000000;1.0000000000;0.0000000000;1.0000000000;0.0000000000;0.0332115385;0.0000000000;0.0000000000;0.0000000000;0.0144230769;0.0000000000;0.0339423077;0.7895104895;1;1;0;0.0000000000;0.3400000000;0.0780000000;0.0000000000;0.5600000000;0.0000000000;0.0000000000;0.0000000000;1.0000000000;0.3761595547;1.0000000000;0.6717989654
http://www.politifact.com/georgia/statements/2011/may/24/herman-cain/cain-said-food-stamp-program-use-under-obama/;0.0000000000;1;0;0;0.0046012270;0.7699386503;0.0476190476;1.0000000000;0;1;0.0476190476;0.0529100529;0;1;0.0015552100;0.6889580093;0;1.0000000000;11.3250587602;0.8312646900;643;0.6860000000;9;1.0000000000;42;1.0000000000;0.5241057543;0.5602643857;5.1197511664;1.0000000000;4.3333333333;0.0000000000;0.0000000000;1.0000000000;0.0059861963;0.0102055215;0.0038573620;0.0045521472;0.0034417178;0.0131150307;0.0029969325;0.0291426380;0.9400446180;1;1;1;0.3333333333;0.9895000000;0.1180000000;0.0650000000;0.9930000000;0.0000000000;0.0000000000;0.0000000000;1.0000000000;0.4719452888;0.7601823708;0.7526587624
https://web.archive.org/web/20130701194850/http://www.rawstory.com/rs/2012/07/17/sen-sanders-warns-of-frightening-trend-towards-oligarchy/;0.0000000000;1;0;0;0.0000000000;1.0000000000;0.0000000000;1.0000000000;0;1;0.0000000000;1.0000000000;0;1;0.0000000000;1.0000000000;0;1.0000000000;11.2508358061;0.8127089515;192;0.0000000000;8;1.0000000000;8;0.0000000000;0.6927083333;0.9817708333;4.9322916667;0.9097222222;6.1250000000;1.0000000000;0.0000000000;1.0000000000;0.0044350000;0.0051150000;0.0016000000;0.0166450000;0.0088700000;0.0215500000;0.0000000000;0.0244900000;0.7690000000;0;0;0;0.0000000000;0.9106000000;0.1150000000;0.0640000000;0.9404000000;-0.1027000000;0.0000000000;0.1670000000;0.4433333333;0.5505357143;0.4982142857;0.5599494295
http://minnesota.cbslocal.com/2016/07/09/philando-stops/;0.0000000000;0;0;0;0.0042625746;0.7868712702;0.0377358491;1.0000000000;0;1;0.0000000000;1.0000000000;0;1;0.0025773196;0.4845360825;0;1.0000000000;12.3104856892;1.0000000000;1164;1.0000000000;9;1.0000000000;53;1.0000000000;0.5300687285;0.5751718213;5.1013745704;1.0000000000;4.8888888889;0.3888888889;0.0000000000;1.0000000000;0.0222864450;0.0098277920;0.0045959079;0.0318925831;0.0209335038;0.0070059676;0.0061406650;0.0304646206;0.0000000000;1;1;13;1.0000000000;-0.9987000000;0.0630000000;0.1430000000;0.0000000000;-0.2263000000;0.0000000000;0.1920000000;0.3600000000;0.4216327487;0.9278908377;0.6009668902
https://web.archive.org/web/20080206222702/http://www.mittromney.com/News/Press-Releases/Kerry_McCain;0.0000000000;0;0;0;0.0042432815;0.7878359264;0.1428571429;0.3809523810;0;1;0.0142857143;0.7936507937;1;0;0.0085106383;0.0000000000;0;1.0000000000;9.5527578013;0.3881894503;1410;1.0000000000;4;1.0000000000;70;1.0000000000;0.3560283688;0.1400709220;4.6340425532;0.5120567376;8.5000000000;1.0000000000;0.0000000000;1.0000000000;0.0048394625;0.0094893918;0.0034816124;0.0091435644;0.0137270156;0.0155007072;0.0025318246;0.0130608204;0.9677382024;1;1;3;1.0000000000;0.9987000000;0.1300000000;0.0590000000;0.9991333333;0.5093000000;0.5230000000;0.0000000000;1.0000000000;0.4614967320;0.7950108932;0.7219795909
https://web.archive.org/web/20091229194623/http://www.bobmcdonnell.com/index.php/press_releases/details/mcdonnell_letter_urges_no_delay_in_virginia_offshore_energy_exploration_and/;0.0000000000;0;0;0;0.0056710775;0.7164461248;0.0000000000;1.0000000000;0;1;0.0000000000;1.0000000000;0;1;0.0009560229;0.8087954111;0;1.0000000000;13.8430661755;1.0000000000;1046;1.0000000000;12;0.8000000000;36;1.0000000000;0.4397705545;0.3494263862;5.2705544933;1.0000000000;6.3333333333;1.0000000000;0.0000000000;1.0000000000;0.0022051040;0.0169669187;0.0018544423;0.0022533081;0.0043147448;0.0136984877;0.0013875236;0.0378147448;0.8091768345;1;1;0;0.0000000000;0.9994000000;0.1820000000;0.0300000000;0.9996000000;0.6075000000;0.3980000000;0.0000000000;1.0000000000;0.4848195438;0.7172681875;0.8731751982
https://web.archive.org/web/20180913054817/http://action.citizen.org/campaign.jsp?campaign_KEY=26880;0.0000000000;0;1;1;0.0000000000;1.0000000000;0.0000000000;1.0000000000;0;1;0.0000000000;1.0000000000;0;1;0.0000000000;1.0000000000;0;1.0000000000;11.0078810488;0.7519702622;41;0.0000000000;2;1.0000000000;2;0.0000000000;0.8292682927;1.0000000000;4.8048780488;0.7398373984;6.5000000000;1.0000000000;0.0000000000;1.0000000000;0.0000000000;0.0316046512;0.0000000000;0.0064186047;0.0000000000;0.0000000000;0.0138139535;0.0000000000;1.0000000000;1;1;0;0.0000000000;-0.2960000000;0.0000000000;0.0520000000;0.1360000000;0.0000000000;0.0000000000;0.0000000000;1.0000000000;0.2208333333;1.0000000000;0.6679712814
https://web.archive.org/web/20170226191647/http://www.foxnews.com/transcript/2015/07/12/mcconnell-webb-jindal-express-uncertainty-over-iran-nuclear-deal/;0.0000000000;0;0;0;0.0038529282;0.8073535887;0.1009316770;0.6604554865;0;1;0.0000000000;1.0000000000;0;1;0.0037465565;0.2506887052;0;1.0000000000;7.7557595723;0.0000000000;9075;1.0000000000;9;1.0000000000;644;1.0000000000;0.2247933884;0.0000000000;4.5456749311;0.3942332415;6.2222222222;1.0000000000;0.0000192359;0.0000000000;0.0066732717;0.0125077059;0.0030164025;0.0092409731;0.0058641568;0.0124662043;0.0054972479;0.0256650154;0.8012549538;1;1;0;0.0000000000;0.9999000000;0.1070000000;0.0730000000;0.9999333333;-0.3400000000;0.0000000000;0.2310000000;0.2300000000;0.4130063618;0.9566454605;0.6280230257
https://web.archive.org/web/20170102032129/http://www.whitehouse.gov/the-press-office/2010/09/20/remarks-president-cnbc-town-hall-discussion-jobs;0.0000000000;0;1;1;0.0022714367;0.8864281658;0.0601265823;0.9324894515;0;1;0.0000000000;1.0000000000;0;1;0.0005684510;0.8863098058;0;1.0000000000;6.8498550892;0.0000000000;10555;1.0000000000;11;0.9000000000;632;1.0000000000;0.1667456182;0.0000000000;4.3619137849;0.1492183799;4.6363636364;0.1363636364;0.0000000000;1.0000000000;0.0036154647;0.0097735188;0.0018662692;0.0051296612;0.0060008518;0.0144028014;0.0044529623;0.0238081582;1.0000000000;1;1;0;0.0000000000;1.0000000000;0.1400000000;0.0610000000;1.0000000000;0.0000000000;0.0000000000;0.0000000000;1.0000000000;0.4528581460;0.8238061800;0.6932253604
https://web.archive.org/web/20190717194430/http://bioguide.congress.gov/scripts/biodisplay.pl?index=M000303;0.0000000000;0;1;1;0.0040983607;0.7950819672;0.0000000000;1.0000000000;0;1;0.0000000000;1.0000000000;0;1;0.0000000000;1.0000000000;0;1.0000000000;14.8074285168;1.0000000000;240;0.0000000000;4;1.0000000000;2;0.0000000000;0.5666666667;0.6666666667;5.2041666667;1.0000000000;4.7500000000;0.2500000000;0.0000000000;1.0000000000;0.0096352459;0.0035532787;0.0141229508;0.0205614754;0.0187295082;0.0102418033;0.0023688525;0.0407131148;0.0922503726;1;1;0;0.0000000000;0.2263000000;0.0990000000;0.0880000000;0.4842000000;0.0000000000;0.0000000000;0.0000000000;1.0000000000;0.1666666667;1.0000000000;0.5668478280
https://web.archive.org/web/20100827015529/http://news.yahoo.com/s/ap/20100825/ap_on_re_us/us_nyc_mosque;0.0000000000;0;0;0;0.0042283298;0.7885835095;0.0000000000;1.0000000000;0;1;0.0000000000;1.0000000000;0;1;0.0000000000;1.0000000000;0;1.0000000000;11.3163708056;0.8290927014;463;0.3260000000;10;1.0000000000;20;0.0000000000;0.5658747300;0.6646868251;4.8898488121;0.8531317495;4.0000000000;0.0000000000;0.0000000000;1.0000000000;0.0086596195;0.0052198732;0.0042473573;0.0090401691;0.0100739958;0.0082473573;0.0026088795;0.0371416490;0.7229290794;1;1;7;1.0000000000;-0.4964000000;0.0810000000;0.0890000000;0.0024000000;0.4019000000;0.2520000000;0.0000000000;1.0000000000;0.3079376825;1.0000000000;0.6130300839
http://time.com/4523755/donald-trump-leaked-tape-impact/;0.0000000000;1;0;0;0.0031948882;0.8402555911;0.0312500000;1.0000000000;0;1;0.0000000000;1.0000000000;0;1;0.0000000000;1.0000000000;0;1.0000000000;10.8390548514;0.7097637128;1245;1.0000000000;7;1.0000000000;64;1.0000000000;0.5012048193;0.5030120482;4.9686746988;0.9582329317;6.0000000000;1.0000000000;0.0000000000;1.0000000000;0.0060095847;0.0101261981;0.0048538339;0.0077188498;0.0054424920;0.0074768371;0.0117228435;0.0198658147;0.9415190241;1;1;13;1.0000000000;-0.9931000000;0.0760000000;0.1060000000;0.0000000000;0.0000000000;0.0000000000;0.0000000000;1.0000000000;0.4623290626;0.7922364579;0.8431313805
https://web.archive.org/web/20121024143446/http://www.msnbc.msn.com/id/26535811/;0.0000000000;0;0;0;0.0048987590;0.7550620509;0.0384615385;1.0000000000;0;1;0.0000000000;1.0000000000;0;1;0.0013089005;0.7382198953;0;1.0000000000;8.4324151454;0.1081037864;3056;1.0000000000;6;1.0000000000;156;1.0000000000;0.3730366492;0.1825916230;4.4898560209;0.3198080279;6.1666666667;1.0000000000;0.0000575705;0.0000000000;0.0079817113;0.0153125408;0.0044856303;0.0111557805;0.0061276943;0.0207315480;0.0044144350;0.0338517309;0.3807077964;1;1;1;0.3333333333;0.9998000000;0.1560000000;0.0750000000;0.9998666667;0.0000000000;0.0000000000;0.0000000000;1.0000000000;0.4668142551;0.7772858164;0.6500783890
http://www.epi.org/blog/lost-decade-working-age-household-income/;0.0000000000;1;1;1;0.0078740157;0.6062992126;0.0000000000;1.0000000000;0;1;0.0000000000;1.0000000000;0;1;0.0000000000;1.0000000000;0;1.0000000000;10.2939814741;0.5734953685;114;0.0000000000;13;0.7000000000;6;0.0000000000;0.6403508772;0.8508771930;4.8245614035;0.7660818713;5.1538461538;0.6538461538;0.0000000000;1.0000000000;0.0018425197;0.0257165354;0.0038740157;0.0040236220;0.0233779528;0.0175354331;0.0044251969;0.0297559055;0.2627057981;1;1;0;0.0000000000;-0.4588000000;0.0490000000;0.0730000000;0.0274666667;-0.3182000000;0.0000000000;0.1610000000;0.4633333333;0.5166666667;0.6111111111;0.5080269317
http://www.cnn.com/2012/10/03/politics/debate-transcript/index.html;0.0000000000;1;0;0;0.0022879268;0.8856036607;0.0693533271;0.8709778194;0;1;0.0000000000;1.0000000000;0;1;0.0003520920;0.9295815973;0;1.0000000000;6.8258222389;0.0000000000;17041;1.0000000000;5;1.0000000000;1067;1.0000000000;0.1356141072;0.0000000000;4.4659937797;0.2879917063;8.2000000000;1.0000000000;0.0000103558;0.0000000000;0.0024146427;0.0111955884;0.0010204153;0.0052245688;0.0053678282;0.0108261762;0.0022989558;0.0207724979;1.0000000000;1;1;0;0.0000000000;1.0000000000;0.1250000000;0.0610000000;1.0000000000;0.0000000000;0.0000000000;0.0000000000;1.0000000000;0.4578230361;0.8072565463;0.7326057460
http://abcnews.go.com/ThisWeek/week-transcript-hillary-clinton/story?id=12959396&page=2;0.0000000000;1;0;0;0.0655285620;0.0000000000;0.1394927536;0.4033816425;0;1;0.0000000000;1.0000000000;0;1;0.0010512484;0.7897503285;0;1.0000000000;9.7170405004;0.4292601251;7610;1.0000000000;5;1.0000000000;552;1.0000000000;0.2813403417;0.0000000000;4.9078843627;0.8771791502;6.4000000000;1.0000000000;0.0000000000;1.0000000000;0.0056449114;0.0112433355;0.0016191727;0.0075842416;0.0039709783;0.0094363756;0.0036468812;0.0167532502;1.0000000000;1;1;0;0.0000000000;0.9998000000;0.0990000000;0.0680000000;0.9998666667;0.0000000000;0.0000000000;0.0000000000;1.0000000000;0.4399462437;0.8668458542;0.7751235275
http://www.politifact.com/truth-o-meter/promises/obameter/promise/525/introduce-comprehensive-immigration-bill-first-yea/;0.0000000000;1;0;0;0.0048859935;0.7557003257;0.0000000000;1.0000000000;0;1;0.0000000000;1.0000000000;0;1;0.0000000000;1.0000000000;0;1.0000000000;11.2959717978;0.8239929494;613;0.6260000000;1;1.0000000000;30;0.5000000000;0.4991843393;0.4979608483;4.9461663948;0.9282218597;10.0000000000;1.0000000000;0.0000000000;1.0000000000;0.0055684039;0.0072899023;0.0013745928;0.0043110749;0.0045097720;0.0048013029;0.0015276873;0.0300114007;1.0000000000;0;0;3;1.0000000000;0.9849000000;0.1150000000;0.0620000000;0.9899333333;0.0000000000;0.0000000000;0.0000000000;1.0000000000;0.4477674472;0.8407751760;0.7558482205
https://web.archive.org/web/20121221015559/http://west.congressnewsletter.net/common/mailings/index.cfm?id=190;0.0000000000;0;0;0;0.0133614627;0.3319268636;0.0895522388;0.7363184080;0;1;0.0149253731;0.7794361526;0;1;0.0049435028;0.0112994350;0;1.0000000000;11.0110598666;0.7527649667;1416;1.0000000000;6;1.0000000000;67;1.0000000000;0.4915254237;0.4788135593;4.8665254237;0.8220338983;6.1666666667;1.0000000000;0.0001168361;0.0000000000;0.0106898734;0.0133319269;0.0042587904;0.0189978903;0.0101118143;0.0128938115;0.0043445851;0.0332187060;0.3118654903;1;1;2;0.6666666667;0.9925000000;0.1020000000;0.0720000000;0.9950000000;0.0000000000;0.0000000000;0.0000000000;1.0000000000;0.4760921341;0.7463595529;0.6866006671
https://web.archive.org/web/20170122062346/http://www.washingtonpost.com/wp-dyn/content/article/2009/09/07/AR2009090702070.html;0.0000000000;1;0;0;0.0034052213;0.8297389330;0.0000000000;1.0000000000;0;1;0.0000000000;1.0000000000;0;1;0.0000000000;1.0000000000;0;1.0000000000;12.5976102905;1.0000000000;870;1.0000000000;11;0.9000000000;36;1.0000000000;0.5321839080;0.5804597701;5.1586206897;1.0000000000;5.0000000000;0.5000000000;0.0000000000;1.0000000000;0.0017673099;0.0119455165;0.0030510783;0.0061827469;0.0041123723;0.0166776390;0.0009228150;0.0289035187;0.9352182437;1;1;1;0.3333333333;0.9986000000;0.1650000000;0.0690000000;0.9990666667;0.0000000000;0.0000000000;0.0000000000;1.0000000000;0.4291527757;0.9028240810;0.9304857075
http://www.politifact.com/truth-o-meter/statements/2014/jan/24/patrick-kennedy/has-potency-pot-changed-president-obama-was-high-s/;0.0000000000;1;0;0;0.0055384615;0.7230769231;0.1527777778;0.3148148148;1;0;0.0277777778;0.4938271605;0;1;0.0006203474;0.8759305211;0;1.0000000000;12.2473657838;1.0000000000;1612;1.0000000000;13;0.7000000000;72;1.0000000000;0.4385856079;0.3464640199;5.1029776675;1.0000000000;4.5384615385;0.0384615385;0.0000000000;1.0000000000;0.0058387692;0.0087618462;0.0039372308;0.0109667692;0.0057507692;0.0079156923;0.0022984615;0.0197280000;1.0000000000;0;0;11;1.0000000000;0.9951000000;0.0790000000;0.0470000000;0.9967333333;0.0000000000;0.0000000000;0.0000000000;1.0000000000;0.4484972937;0.8383423544;0.6838756750
http://www.politifact.com/truth-o-meter/statements/2011/mar/15/barack-obama/barack-obama-says-us-oil-production-last-year-was-/;0.0000000000;1;0;0;0.0034602076;0.8269896194;0.0000000000;1.0000000000;0;1;0.0740740741;0.0000000000;0;1;0.0017667845;0.6466431095;0;1.0000000000;10.3570766545;0.5892691636;566;0.5320000000;12;0.8000000000;27;0.2000000000;0.5159010601;0.5397526502;5.0424028269;1.0000000000;4.9166666667;0.4166666667;0.0000000000;1.0000000000;0.0003148789;0.0280103806;0.0020155709;0.0043391003;0.0050017301;0.0171608997;0.0061539792;0.0159065744;0.8381251966;1;1;11;1.0000000000;0.9870000000;0.1010000000;0.0330000000;0.9913333333;0.0000000000;0.0000000000;0.0000000000;1.0000000000;0.3480532213;1.0000000000;0.6736819596
https://web.archive.org/web/20121021090929/http://www.foxnews.com/story/0,2933,373450,00.html;0.0000000000;0;0;0;0.0029815146;0.8509242695;0.1250000000;0.5000000000;0;1;0.0000000000;1.0000000000;0;1;0.0035928144;0.2814371257;0;1.0000000000;9.9233436727;0.4808359182;1670;1.0000000000;7;1.0000000000;80;1.0000000000;0.3491017964;0.1227544910;4.7401197605;0.6534930140;4.5714285714;0.0714285714;0.0000000000;1.0000000000;0.0040101371;0.0152081097;0.0041514609;0.0109743590;0.0041401312;0.0117579010;0.0034007156;0.0264937388;0.8156990297;1;1;0;0.0000000000;0.9931000000;0.1090000000;0.0760000000;0.9954000000;0.0000000000;0.0000000000;0.0000000000;1.0000000000;0.4353280574;0.8822398088;0.7530837401
https://web.archive.org/web/20071016232328/http://frontpagemagazine.com/Articles/Read.aspx?GUID=5541E159-6AD5-4CC9-B24D-38374624608C;0.0000000000;0;0;0;0.0073298429;0.6335078534;0.0000000000;1.0000000000;0;1;0.0181818182;0.7070707071;0;1;0.0010493179;0.7901364113;0;1.0000000000;9.2446960000;0.3111740000;953;1.0000000000;2;1.0000000000;55;1.0000000000;0.4826862539;0.4567156348;4.6327387198;0.5103182931;8.5000000000;1.0000000000;0.0000000000;1.0000000000;0.0064083770;0.0110774869;0.0018073298;0.0151821990;0.0055246073;0.0148387435;0.0039759162;0.0417832461;0.4436744407;1;1;2;0.6666666667;0.5672000000;0.1170000000;0.1070000000;0.7114666667;0.0000000000;0.0000000000;0.0000000000;1.0000000000;0.4417970522;0.8606764928;0.7041264712
https://web.archive.org/web/20090514023215/http://republicanleader.house.gov/News/DocumentSingle.aspx?DocumentID=125333;0.0000000000;0;1;1;0.0032310178;0.8384491115;0.0000000000;1.0000000000;0;1;0.0000000000;1.0000000000;0;1;0.0032786885;0.3442622951;0;1.0000000000;14.5685458238;1.0000000000;610;0.6200000000;9;1.0000000000;27;0.2000000000;0.4377049180;0.3442622951;5.4180327869;1.0000000000;5.2222222222;0.7222222222;0.0000000000;1.0000000000;0.0217948304;0.0143586430;0.0098432956;0.0493198708;0.0188626817;0.0048093700;0.0072697900;0.0427932149;0.0000000000;1;1;0;0.0000000000;-0.9980000000;0.1200000000;0.2090000000;0.0000000000;-0.6249000000;0.0000000000;0.3390000000;0.0000000000;0.3746927803;1.0000000000;0.5191008354
https://web.archive.org/web/20170725194759/http://rare.us/rare-politics/rand-paul-will-donald-trump-betray-voters-by-hiring-john-bolton/;0.0000000000;1;0;0;0.0035128806;0.8243559719;0.0000000000;1.0000000000;1;0;0.0000000000;1.0000000000;0;1;0.0000000000;1.0000000000;0;1.0000000000;9.6220817073;0.4055204268;843;1.0000000000;11;0.9000000000;48;1.0000000000;0.5029655991;0.5074139976;4.6844602610;0.5792803480;4.8181818182;0.3181818182;0.0000000000;1.0000000000;0.0105175644;0.0059637002;0.0082704918;0.0314765808;0.0121768150;0.0083302108;0.0098957845;0.0259660422;0.2255056419;1;1;9;1.0000000000;-0.9981000000;0.0950000000;0.1700000000;0.0000000000;-0.6369000000;0.0000000000;0.2960000000;0.0133333333;0.4467359935;0.8442133551;0.5454970644
https://web.archive.org/web/20160110204659/http://www.guttmacher.org/statecenter/updates/2013/statetrends42013.html;0.0000000000;0;1;1;0.0024583447;0.8770827643;0.0000000000;1.0000000000;0;1;0.0000000000;1.0000000000;0;1;0.0024671053;0.5065789474;0;1.0000000000;14.7789817463;1.0000000000;3648;1.0000000000;13;0.7000000000;155;1.0000000000;0.2856359649;0.0000000000;5.4468201754;1.0000000000;5.3846153846;0.8846153846;0.0000000000;1.0000000000;0.0070478011;0.0142627697;0.0230284075;0.0302540290;0.0302343622;0.0132007648;0.0033245015;0.0256255122;0.0000000000;1;1;0;0.0000000000;-0.9995000000;0.0560000000;0.0930000000;0.0000000000;0.0000000000;0.0000000000;0.0000000000;1.0000000000;0.4410135808;0.8632880640;0.6484432976
https://web.archive.org/web/20070625210514/http://clinton.senate.gov/news/statements/details.cfm?id=277627;0.0000000000;0;1;1;0.0192307692;0.0384615385;0.0000000000;1.0000000000;0;1;0.0000000000;1.0000000000;0;1;0.0029761905;0.4047619048;0;1.0000000000;13.2996782035;1.0000000000;336;0.0720000000;28;0.0000000000;15;0.0000000000;0.5327380952;0.5818452381;5.3333333333;1.0000000000;5.3928571429;0.8928571429;0.0000000000;1.0000000000;0.0003461538;0.0055164835;0.0000000000;0.0011153846;0.0000000000;0.0100137363;0.0015439560;0.0335274725;1.0000000000;1;1;0;0.0000000000;0.9849000000;0.1080000000;0.0100000000;0.9899333333;0.4019000000;0.0910000000;0.0000000000;1.0000000000;0.3609557110;1.0000000000;0.6063086633
http://www.cnn.com/2008/POLITICS/01/21/debate.transcript/index.html;0.0000000000;0;0;0;0.0029195227;0.8540238639;0.0479041916;1.0000000000;0;1;0.0000000000;1.0000000000;0;1;0.0011434379;0.7713124127;0;1.0000000000;7.2825314891;0.0000000000;7871;1.0000000000;7;1.0000000000;501;1.0000000000;0.1834582645;0.0000000000;4.4117647059;0.2156862745;5.4285714286;0.9285714286;0.0000000000;1.0000000000;0.0050522975;0.0129212998;0.0035128205;0.0079347550;0.0067850977;0.0142286113;0.0052222645;0.0257816705;0.7920215098;1;1;0;0.0000000000;0.9999000000;0.1260000000;0.0730000000;0.9999333333;0.0000000000;0.0000000000;0.0000000000;1.0000000000;0.4747190492;0.7509365027;0.6948297878
https://web.archive.org/web/20170119104940/http://www.whitehouse.gov/the-press-office/2012/06/23/op-ed-president-obama-president-obama-reflects-impact-title-ix;0.0000000000;0;1;1;0.0013333333;0.9333333333;0.0270270270;1.0000000000;0;1;0.0000000000;1.0000000000;0;1;0.0000000000;1.0000000000;0;1.0000000000;8.6698148048;0.1674537012;737;0.8740000000;13;0.7000000000;37;1.0000000000;0.5020352782;0.5050881954;4.5264586160;0.3686114880;4.8461538462;0.3461538462;0.0000000000;1.0000000000;0.0035573333;0.0237386667;0.0019693333;0.0047706667;0.0023546667;0.0223293333;0.0047800000;0.0397840000;0.3948363636;1;1;1;0.3333333333;0.9992000000;0.1810000000;0.0240000000;0.9994666667;0.0000000000;0.0000000000;0.0000000000;1.0000000000;0.4990729338;0.6697568874;0.6698775139
http://abcnews.go.com/ThisWeek/week-transcript-holder-giuliani/story?id=10596448&page=4;0.0000000000;1;0;0;0.0034784695;0.8260765263;0.1448275862;0.3678160920;0;1;0.0000000000;1.0000000000;0;1;0.0007202017;0.8559596687;0;1.0000000000;8.0053499952;0.0013374988;8331;1.0000000000;6;1.0000000000;435;1.0000000000;0.2028567999;0.0000000000;4.4855359501;0.3140479334;5.8333333333;1.0000000000;0.0000000000;1.0000000000;0.0107332374;0.0094686338;0.0051227060;0.0156122106;0.0084992203;0.0084286914;0.0045431210;0.0245182920;0.6922524998;1;1;0;0.0000000000;-0.9825000000;0.1100000000;0.1060000000;0.0000000000;0.0000000000;0.0000000000;0.0000000000;1.0000000000;0.4644855190;0.7850482699;0.6298317661
https://web.archive.org/web/20180101162402/https://www.whitehouse.gov/presidential-actions/executive-order-protecting-nation-foreign-terrorist-entry-united-states/;0.0000000000;0;1;1;0.0013874436;0.9306278182;0.0000000000;1.0000000000;0;1;0.0000000000;1.0000000000;0;1;0.0000000000;1.0000000000;0;1.0000000000;13.5437391400;1.0000000000;2870;1.0000000000;13;0.7000000000;91;1.0000000000;0.2547038328;0.0000000000;5.2000000000;1.0000000000;5.9230769231;1.0000000000;0.0000000000;1.0000000000;0.0086181061;0.0084467569;0.0058966354;0.0124575095;0.0073395768;0.0077391606;0.0030593132;0.0320492542;0.7162488569;1;1;0;0.0000000000;0.9995000000;0.1250000000;0.0510000000;0.9996666667;-0.4404000000;0.1510000000;0.2540000000;0.1533333333;0.3602784404;1.0000000000;0.8140831975
https://web.archive.org/web/20100626122700/http://www.citizenlink.org/focusaction/updates/A000006979.cfm;0.0000000000;0;1;1;0.0085695452;0.5715227423;0.3181818182;0.0000000000;0;1;0.1590909091;0.0000000000;0;1;0.0019854401;0.6029119788;0;1.0000000000;11.8988634889;0.9747158722;1511;1.0000000000;6;1.0000000000;44;1.0000000000;0.4904037062;0.4760092654;4.9477167439;0.9302889918;5.3333333333;0.8333333333;0.0000000000;1.0000000000;0.0059096902;0.0123223467;0.0054489123;0.0136526038;0.0056967699;0.0114021094;0.0050731707;0.0262504944;0.7135254989;1;1;20;1.0000000000;0.9952000000;0.1320000000;0.0910000000;0.9968000000;0.0000000000;0.0000000000;0.0000000000;1.0000000000;0.4418819532;0.8603934894;0.7605860718
https://web.archive.org/web/20070825014950/http://www.mcclatchydc.com/iraq/story/18861.html;0.0000000000;1;0;0;0.0021929825;0.8903508772;0.1428571429;0.3809523810;0;1;0.0000000000;1.0000000000;0;1;0.0000000000;1.0000000000;0;1.0000000000;9.9002125390;0.4750531347;907;1.0000000000;5;1.0000000000;42;1.0000000000;0.4641675854;0.4104189636;4.7949283352;0.7265711136;5.4000000000;0.9000000000;0.0000000000;1.0000000000;0.0115296053;0.0063717105;0.0042072368;0.0310833333;0.0128267544;0.0045372807;0.0044605263;0.0138344298;0.6572567783;1;1;1;0.3333333333;-0.9985000000;0.0640000000;0.1440000000;0.0000000000;-0.3818000000;0.2390000000;0.4200000000;0.0000000000;0.3530962179;1.0000000000;0.6657672956
https://web.archive.org/web/20100330081658/http://switchboard.nrdc.org/blogs/bfinamore/chinas_carbon_intensity_target.html;0.0000000000;0;1;1;0.0072859745;0.6357012750;0.1111111111;0.5925925926;0;1;0.0000000000;1.0000000000;0;1;0.0000000000;1.0000000000;0;1.0000000000;13.8602774813;1.0000000000;1088;1.0000000000;10;1.0000000000;36;1.0000000000;0.4163602941;0.2909007353;5.2637867647;1.0000000000;6.8000000000;1.0000000000;0.0000000000;1.0000000000;0.0008961749;0.0150391621;0.0013670310;0.0016657559;0.0014945355;0.0143096539;0.0012158470;0.0291393443;1.0000000000;1;1;6;1.0000000000;0.9989000000;0.1370000000;0.0110000000;0.9992666667;0.0000000000;0.0000000000;0.0000000000;1.0000000000;0.3817482864;1.0000000000;0.9397378650
https://web.archive.org/web/20080319052510/http://www.mtv.com/news/articles/1583539/20080317/id_0.jhtml;0.0000000000;1;0;0;0.0022396417;0.8880179171;0.0222222222;1.0000000000;0;1;0.0222222222;0.6172839506;0;1;0.0011350738;0.7729852440;0;1.0000000000;10.1989514354;0.5497378589;881;1.0000000000;12;0.8000000000;45;1.0000000000;0.4858115778;0.4645289444;4.8819523269;0.8426031025;5.6666666667;1.0000000000;0.0000000000;1.0000000000;0.0037693169;0.0180974244;0.0022407615;0.0050223964;0.0063796193;0.0127357223;0.0048286674;0.0195711086;0.9519087855;1;1;1;0.3333333333;0.9952000000;0.0910000000;0.0320000000;0.9968000000;-0.1280000000;0.0000000000;0.1110000000;0.6300000000;0.4524084381;0.8253052063;0.8403661348
https://web.archive.org/web/20171229115105/http://www.washingtonpost.com/wp-dyn/content/article/2009/08/28/AR2009082803158.html;0.0000000000;0;0;0;0.0021114865;0.8944256757;0.0000000000;1.0000000000;1;0;0.0093457944;0.9034267913;0;1;0.0055131467;0.0000000000;0;1.0000000000;11.9199140931;0.9799785233;2358;1.0000000000;10;1.0000000000;107;1.0000000000;0.4177268872;0.2943172180;5.0330788804;1.0000000000;5.1000000000;0.6000000000;0.0000000000;1.0000000000;0.0060929054;0.0126203547;0.0047086149;0.0107850507;0.0094315878;0.0148602196;0.0033821791;0.0316021959;0.5730343980;1;1;1;0.3333333333;0.9977000000;0.1220000000;0.0920000000;0.9984666667;0.0000000000;0.0000000000;0.0000000000;1.0000000000;0.4042200905;0.9859330316;0.8055503549
https://web.archive.org/web/20180307031817/http://www.foxnews.com/on-air/fox-news-sunday-chris-wallace/2014/04/06/sen-kaine-rep-mccaul-security-stateside-military-bases-gen-hayden-reacts-morells-benghazi;0.0000000000;0;0;0;0.0030789532;0.8460523422;0.1124780316;0.5834797891;0;1;0.0000000000;1.0000000000;0;1;0.0041864052;0.1627189600;0;1.0000000000;8.2201530611;0.0550382653;9077;1.0000000000;17;0.3000000000;569;1.0000000000;0.2250743638;0.0000000000;4.5293599207;0.3724798942;5.4705882353;0.9705882353;0.0000000000;1.0000000000;0.0062790851;0.0096940840;0.0022412580;0.0125382670;0.0056406422;0.0108559490;0.0030678469;0.0237509347;0.9260351480;1;1;0;0.0000000000;0.9998000000;0.1050000000;0.0750000000;0.9998666667;0.3400000000;0.1300000000;0.0000000000;1.0000000000;0.4199909172;0.9333636093;0.6666026515
https://web.archive.org/web/20080131000131/http://www.barackobama.com/2008/01/30/remarks_of_senator_barack_obam_45.php;0.0000000000;0;0;0;0.0026603606;0.8669819687;0.0000000000;1.0000000000;0;1;0.0000000000;1.0000000000;0;1;0.0000000000;1.0000000000;0;1.0000000000;8.0635432125;0.0158858031;3378;1.0000000000;5;1.0000000000;146;1.0000000000;0.2966252220;0.0000000000;4.4351687389;0.2468916519;4.0000000000;0.0000000000;0.0000532283;0.0000000000;0.0069060006;0.0145988767;0.0028084540;0.0108808750;0.0059798995;0.0177892403;0.0026742536;0.0189006799;0.8083949158;0;0;0;0.0000000000;0.9985000000;0.1150000000;0.0850000000;0.9990000000;0.0000000000;0.0000000000;0.0000000000;1.0000000000;0.4006288514;0.9979038285;0.5478083602
https://web.archive.org/web/20070103020730/http://www.cdc.gov/nchs/products/pubs/pubd/hestats/prelimbirths05/prelimbirths05.htm;0.0000000000;0;1;1;0.0059767222;0.7011638880;0.0050251256;1.0000000000;0;1;0.0000000000;1.0000000000;0;1;0.0028355388;0.4328922495;0;1.0000000000;11.2251227922;0.8062806981;3174;1.0000000000;5;1.0000000000;199;1.0000000000;0.2643352237;0.0000000000;5.0302457467;1.0000000000;5.6000000000;1.0000000000;0.0000000000;1.0000000000;0.0006967600;0.0168480654;0.0016643599;0.0053129915;0.0025740799;0.0143268323;0.0011682919;0.0184570620;1.0000000000;1;1;4;1.0000000000;0.9981000000;0.0520000000;0.0190000000;0.9987333333;0.0000000000;0.0000000000;0.0000000000;1.0000000000;0.4173730374;0.9420898753;0.9236103836
http://abcnews.go.com/Politics/full-interview-transcript-president-barack-obama/story?id=35203825;0.0000000000;1;0;0;0.0061277398;0.6936130097;0.0926829268;0.7154471545;0;1;0.0000000000;1.0000000000;0;1;0.0009440642;0.8111871607;0;1.0000000000;7.9204294046;0.0000000000;4237;1.0000000000;6;1.0000000000;205;1.0000000000;0.2733065848;0.0000000000;4.4869011093;0.3158681457;7.1666666667;1.0000000000;0.0000419481;0.0000000000;0.0045331134;0.0094789064;0.0018696677;0.0086130097;0.0050806033;0.0100075418;0.0030294603;0.0227624322;1.0000000000;1;1;0;0.0000000000;0.9998000000;0.1380000000;0.0780000000;0.9998666667;0.0000000000;0.0000000000;0.0000000000;1.0000000000;0.4777859728;0.7407134240;0.7201491241
https://web.archive.org/web/20170119183710/http://www.whitehouse.gov/the-press-office/2013/04/17/statement-president;0.0000000000;0;1;1;0.0030461271;0.8476936466;0.0500000000;1.0000000000;0;1;0.0000000000;1.0000000000;0;1;0.0021795990;0.5640802092;0;1.0000000000;8.8504540993;0.2126135248;2294;1.0000000000;4;1.0000000000;140;1.0000000000;0.3173496077;0.0433740192;4.6421098518;0.5228131357;5.7500000000;1.0000000000;0.0000000000;1.0000000000;0.0154621410;0.0092354221;0.0021061793;0.0219451697;0.0159138381;0.0132106179;0.0025426458;0.0257750218;0.3419811694;0;0;0;0.0000000000;-0.9415000000;0.1440000000;0.1420000000;0.0000000000;0.0000000000;0.0000000000;0.0000000000;1.0000000000;0.4185714286;0.9380952381;0.5434748621
http://abcnews.go.com/print?id=9818034;0.0000000000;0;0;0;0.0020940415;0.8952979250;0.1348684211;0.4342105263;0;1;0.0000000000;1.0000000000;0;1;0.0007626311;0.8474737846;0;1.0000000000;7.3836515174;0.0000000000;5245;1.0000000000;8;1.0000000000;304;1.0000000000;0.2379408961;0.0000000000;4.4165872259;0.2221163012;5.8750000000;1.0000000000;0.0001691418;0.0000000000;0.0088370455;0.0085737674;0.0029609747;0.0172255854;0.0065273177;0.0086836094;0.0031977917;0.0242320579;0.8138518249;1;1;0;0.0000000000;0.5840000000;0.1070000000;0.1020000000;0.7226666667;-0.5106000000;0.0000000000;0.3200000000;0.0000000000;0.4716574647;0.7611417842;0.5857200995
https://web.archive.org/web/20071016102723/http://eia.doe.gov/emeu/cabs/Saudi_Arabia/Oil.html;0.0000000000;0;1;1;0.0100231303;0.4988434850;0.0000000000;1.0000000000;0;1;0.0000000000;1.0000000000;0;1;0.0007730963;0.8453807499;0;1.0000000000;12.0614344445;1.0000000000;2587;1.0000000000;7;1.0000000000;100;1.0000000000;0.3471202165;0.1178005412;5.0749903363;1.0000000000;6.0000000000;1.0000000000;0.0000000000;1.0000000000;0.0023457980;0.0098057055;0.0049140324;0.0045239013;0.0027860447;0.0079317656;0.0012987664;0.0171680802;1.0000000000;1;1;0;0.0000000000;0.9963000000;0.0740000000;0.0410000000;0.9975333333;0.2732000000;0.2590000000;0.0000000000;1.0000000000;0.4919641112;0.6934529628;0.8907577110
https://web.archive.org/web/20100821215324/http://republicans.foreignaffairs.house.gov/press_display.asp?id=1583;0.0000000000;0;1;1;0.0076628352;0.6168582375;0.0769230769;0.8205128205;0;1;0.0000000000;1.0000000000;0;1;0.0058139535;0.0000000000;0;1.0000000000;13.6493093585;1.0000000000;516;0.4320000000;6;1.0000000000;13;0.0000000000;0.5562015504;0.6405038760;5.3197674419;1.0000000000;5.6666666667;1.0000000000;0.0000000000;1.0000000000;0.0124846743;0.0053122605;0.0077222222;0.0180881226;0.0081704981;0.0021015326;0.0026034483;0.0267164751;0.7600139324;1;1;0;0.0000000000;-0.9656000000;0.0440000000;0.0870000000;0.0000000000;0.0000000000;0.0000000000;0.0000000000;1.0000000000;0.2686363636;1.0000000000;0.6553413455
http://abcnews.go.com/Politics/memory-lapse-trump-seeks-distance-advisor-past-ties/story?id=34600826;0.0000000000;1;0;0;0.0028024288;0.8598785614;0.0000000000;1.0000000000;1;0;0.0109890110;0.8669108669;0;1;0.0014091123;0.7181775481;0;1.0000000000;10.8657679664;0.7164419916;2129;1.0000000000;12;0.8000000000;91;1.0000000000;0.3790511977;0.1976279944;4.8689525599;0.8252700798;4.9166666667;0.4166666667;0.0000000000;1.0000000000;0.0103591780;0.0073049977;0.0049509575;0.0151658104;0.0060247548;0.0058617468;0.0153078001;0.0195072396;0.7366820942;1;1;0;0.0000000000;-0.9984000000;0.0410000000;0.0810000000;0.0000000000;0.0000000000;0.0000000000;0.0000000000;1.0000000000;0.4049763586;0.9834121381;0.7232068642
https://web.archive.org/web/20090816181927/http://www.pbs.org/newshour/bb/politics/july-dec09/shieldsbrooks_08-14.html;0.0000000000;1;1;1;0.0031585597;0.8420720152;0.1363636364;0.4242424242;0;1;0.0000000000;1.0000000000;0;1;0.0006335128;0.8732974343;0;1.0000000000;7.1210128941;0.0000000000;3157;1.0000000000;9;1.0000000000;220;1.0000000000;0.2543554007;0.0000000000;4.4216027875;0.2288037166;4.8888888889;0.3888888889;0.0000000000;1.0000000000;0.0090540114;0.0136073910;0.0043161718;0.0154191409;0.0091604548;0.0126339229;0.0061497157;0.0187078332;0.6536610578;1;1;0;0.0000000000;0.9994000000;0.1280000000;0.0890000000;0.9996000000;0.6124000000;0.4170000000;0.0000000000;1.0000000000;0.5519710733;0.4934297558;0.6842796199
