url;rating;score_author;domain_ending;score_url_domain_ending;errors_grammar_spelling;score_errors;questions_text_per_sentence;score_tonality_questions_text;questions_title;score_tonality_questions_title;exclamations_text_per_sentence;score_tonality_exclamations_text;exclamations_title;score_tonality_exclamations_title;all_caps_text;score_tonality_all_caps_text;all_caps_title;score_tonality_all_caps_title;read_text_flesch_kincaid;read_text_flesch_read_ease;read_text_gunning_fog;read_text_smog;read_text_ari;read_text_coleman_liau;score_readability;word_count_text;score_ls_word_count_text;word_count_title;score_ls_word_count_title;sentence_count;score_ls_sentence_count;ttr;score_ls_type_token_ratio;word_length_text;score_ls_word_length_text;word_length_title;score_ls_word_length_title;profanity;score_vocabulary_profanity;anger_word_count;anger_intensity;anticipation_word_count;anticipation_intensity;disgust_word_count;disgust_intensity;fear_word_count;fear_intensity;sadness_word_count;sadness_intensity;joy_word_count;joy_intensity;surprise_word_count;surprise_intensity;trust_word_count;trust_intensity;score_vocabulary_emotional_words;clickbait;score_clickbait;links_count;score_links_external;sentiment_text_spacy;sentiment_text_vader;sentiment_text_fasttext_1;sentiment_text_fasttext_2;sentiment_text_fasttext_3;sentiment_text_fasttext_4;sentiment_text_fasttext_5;score_sentiment_polarity_text;sentiment_title_spacy;sentiment_title_vader;sentiment_title_fasttext_1;sentiment_title_fasttext_2;sentiment_title_fasttext_3;sentiment_title_fasttext_4;sentiment_title_fasttext_5;score_sentiment_polarity_title;score_sentiment_subjectivity
http://samvak.tripod.com/faq23.html;4.0000000000;1;0;0;0.0134357006;0.3282149712;0.0576923077;0.7115384615;0;1;0.1730769231;0.0000000000;0;1;0.0057803468;0.8843930636;0;1.0000000000;9.8608812261;60.1241644562;14.6208075449;12.9614642112;11.8922833775;11.7924646312;0.9012290512;1038;1.0000000000;4;1.0000000000;52;1.0000000000;0.4710982659;0.0000000000;4.9788053950;0.2447013487;5.2500000000;0.3125000000;0;1.0000000000;16;8.0690000000;19;9.0650000000;8;3.5700000000;17;9.3320000000;17;8.0830000000;63;39.1460000000;9;3.7100000000;72;45.3100000000;0.7576103647;0;0;17;1.0000000000;0.1447690177;0.9991000000;0.0254786368;0.4109073877;0.1914289594;0.3295020759;0.0427331217;0.6445294138;0.5000000000;0.6369000000;0.0000100000;0.0000100617;0.0000100000;0.3418443501;0.6581756473;0.6893381176;0.4600666367
https://www.druglibrary.org/olsen/medical/iowa/dosecomp.html;3.0000000000;0;1;1;0.0030674847;0.8466257669;0.0555555556;0.7222222222;0;1;0.0000000000;1.0000000000;0;1;0.0061919505;0.8761609907;0;1.0000000000;8.5055469556;66.0430607155;13.1220502236;11.9442719100;9.3132129343;9.7287517368;0.7941978991;323;0.0383333333;3;1.0000000000;18;0.5200000000;0.5820433437;0.1640866873;4.6222910217;0.1555727554;5.3333333333;0.3333333333;0;1.0000000000;6;2.2820000000;4;1.6330000000;2;1.1180000000;15;5.2330000000;7;4.1610000000;9;3.2500000000;0;0.0000000000;19;10.6830000000;0.8260122699;0;0;0;0.0000000000;-0.0158333333;0.1865000000;0.3214507401;0.2717207670;0.3914866149;0.0110758385;0.0043160259;0.8914110780;0.0000000000;0.4588000000;0.0000342583;0.6665126681;0.0362495035;0.1435586661;0.1536948383;0.9487569678;0.6739583333
https://web.archive.org/web/20171202105533/http://chemo.net/amyloxin.htm;3.7142857143;0;0;0;0.0517799353;0.0000000000;0.0000000000;1.0000000000;0;1;0.0000000000;1.0000000000;0;1;0.0065146580;0.8697068404;1;0.5000000000;11.2064018335;46.9877960275;15.4288770053;13.5440253503;13.3197326203;14.6380463896;0.9627882629;307;0.0116666667;2;1.0000000000;17;0.4800000000;0.6286644951;0.2573289902;5.4788273616;0.3697068404;6.0000000000;0.5000000000;0;1.0000000000;3;1.4390000000;3;1.1250000000;4;1.7420000000;10;5.9030000000;3;1.9310000000;8;2.6850000000;2;0.6950000000;7;3.2870000000;0.8782718447;0;0;0;0.0000000000;0.0966666667;-0.9398000000;0.0818125755;0.3928885460;0.3256452978;0.0632019117;0.1365017742;0.6340285501;0.0000000000;0.0000000000;0.0010875040;0.9988879561;0.0000100024;0.0000100601;0.0000544450;0.9996193504;0.8446078431
https://www.mymoneyblog.com/bikini-girls-waterfalls-90s-real-estate-guru-tom-vu.html;4.5000000000;1;0;0;0.0051369863;0.7431506849;0.0952380952;0.5238095238;0;1;0.0952380952;0.0000000000;0;1;0.0000000000;1.0000000000;0;1.0000000000;5.5981862506;79.7770875995;9.1304404356;9.0944940022;5.6561222168;7.1833622833;0.5222493490;575;0.4583333333;9;1.0000000000;42;1.0000000000;0.5443478261;0.0886956522;4.3773913043;0.0943478261;4.7777777778;0.1944444444;0;1.0000000000;8;1.2580000000;16;8.2540000000;1;0.3670000000;8;2.3180000000;3;1.2960000000;19;9.1750000000;10;2.6950000000;37;18.3440000000;0.8503184932;0;0;1;0.2000000000;0.1871572080;0.9968000000;0.1009624973;0.7512913942;0.1464702785;0.0011261222;0.0001997422;0.6350792535;0.2000000000;0.0000000000;0.0000155244;0.1251435131;0.8669846058;0.0078926859;0.0000137603;0.9999902384;0.4155204932
https://web.archive.org/web/20140715220143/http://www.austinabc.com/~austinab/testimonials/;4.6666666667;0;0;0;0.0086077039;0.5696148053;0.0155038760;0.9224806202;0;1;0.1472868217;0.0000000000;0;1;0.0034460478;0.9310790437;0;1.0000000000;6.6207520802;79.9518819785;11.4569803001;10.5559925394;7.8157911955;7.7408670527;0.6372989374;4643;1.0000000000;4;1.0000000000;258;1.0000000000;0.2741761792;0.0000000000;4.3321128581;0.0830282145;6.0000000000;0.5000000000;1;0.6666666667;16;5.6980000000;189;102.2380000000;25;4.8740000000;100;32.5970000000;53;25.8100000000;361;182.7540000000;67;26.1450000000;286;159.2510000000;0.7678644287;0;0;1;0.2000000000;0.2637930689;1.0000000000;0.0745882839;0.0363885500;0.4419029653;0.0928756148;0.3542945683;0.5237057159;-0.1000000000;0.0000000000;0.0000108249;0.0000100000;1.0000013113;0.0000152136;0.0000126414;0.9999921779;0.3827261357
https://web.archive.org/web/20140201092506/http://www.gop.com/2012-republican-platform_reforming/;4.5000000000;0;0;0;0.0023567803;0.8821609862;0.0000000000;1.0000000000;0;1;0.0000000000;1.0000000000;0;1;0.0003629764;0.9927404719;0;1.0000000000;14.5578575313;35.9659586621;18.1579772518;15.3421540714;16.7802073291;14.8690531618;0.9900326374;5510;1.0000000000;6;1.0000000000;219;1.0000000000;0.3270417423;0.0000000000;5.4843920145;0.3710980036;5.8333333333;0.4583333333;0;1.0000000000;68;32.9350000000;160;79.1840000000;61;26.4280000000;165;64.6110000000;87;38.7220000000;185;77.2420000000;35;14.2390000000;366;199.0290000000;0.8069651922;1;1;0;0.0000000000;0.0923341157;1.0000000000;0.0056068972;0.1522617787;0.1335911304;0.7001082897;0.0084819533;0.6619703832;0.0000000000;0.0000000000;0.0000100702;0.0001235055;0.0000704441;0.9998005033;0.0000455348;0.9999814650;0.7205038187
http://www.rcpbml.org.uk/wwie-13/ww13-03.htm;3.6666666667;0;1;1;0.0067447639;0.6627618033;0.0000000000;1.0000000000;0;1;0.0309278351;0.3814432990;0;1;0.0014250089;0.9714998219;0;1.0000000000;13.3090572292;51.6075550982;17.1966048596;13.9967192858;16.5378691487;12.3724047237;0.9642887449;2807;1.0000000000;10;1.0000000000;97;1.0000000000;0.3904524403;0.0000000000;5.0149625935;0.2537406484;5.1000000000;0.2750000000;0;1.0000000000;33;17.1940000000;73;33.0270000000;23;8.8060000000;80;38.3150000000;69;34.4120000000;84;35.0010000000;19;6.5800000000;125;70.5280000000;0.8268633298;1;1;5;1.0000000000;0.0658936073;0.9997000000;0.0848971233;0.5986285806;0.2010793835;0.1126975045;0.0027474887;0.6376517960;0.0000000000;0.0772000000;0.0365606025;0.0080556422;0.9301159978;0.0002254719;0.0250923000;0.9794490325;0.7709220037
https://www.hopkinsmedicine.org/news/media/releases/helmets_save_lives_of_skiers_and_snowboarders;4.5000000000;0;1;1;0.0046948357;0.7652582160;0.0000000000;1.0000000000;0;1;0.0000000000;1.0000000000;0;1;0.0000000000;1.0000000000;0;1.0000000000;11.8923699015;51.4913548992;14.5528363807;12.5452140422;14.3006657290;12.9298654051;0.9426835752;629;0.5483333333;10;1.0000000000;27;0.8800000000;0.5294117647;0.0588235294;5.1367249603;0.2841812401;4.7000000000;0.1750000000;0;1.0000000000;16;8.0030000000;15;7.5690000000;4;2.5040000000;35;20.0220000000;24;13.7660000000;12;3.9520000000;4;2.1010000000;35;18.1240000000;0.7620000000;1;1;0;0.0000000000;0.0475288600;-0.9530000000;0.0086862072;0.9280498624;0.0215522405;0.0413826071;0.0003789110;0.6949782939;0.0000000000;0.4939000000;0.0000145657;0.9829851985;0.0007986522;0.0162415970;0.0000100209;0.9999918045;0.5273719336
https://web.archive.org/web/20170215173343/http://www.living-a-healthy-lifestyle.com/health-terms.html;3.0000000000;0;0;0;0.0122959982;0.3852000894;0.0089928058;0.9550359712;0;1;0.0161870504;0.6762589928;0;1;0.0016780400;0.9664391990;0;1.0000000000;9.8740611088;53.1462603935;13.5272706086;12.2536207186;10.8473920105;12.5490406560;0.9114400282;8939;1.0000000000;7;1.0000000000;556;1.0000000000;0.3009285155;0.0000000000;5.1889473095;0.2972368274;5.2857142857;0.3214285714;3;0.0000000000;110;51.5790000000;170;75.7860000000;164;83.0390000000;261;121.7960000000;196;88.7100000000;355;129.7360000000;63;18.1140000000;337;159.7620000000;0.8371289962;0;0;2;0.4000000000;0.1083856200;0.9999000000;0.0467646010;0.8330286741;0.0972134620;0.0191181377;0.0039251042;0.6498367649;0.5000000000;0.4019000000;0.0000100003;0.0000185394;0.9999912977;0.0000201871;0.0000100004;0.9999933331;0.6134175677
https://web.archive.org/web/20130528005717/http://www.ct-eyecare.com/pages/eyecare-resources/eye-twitching.php;4.8333333333;0;0;0;0.0053619303;0.7319034853;0.0540540541;0.7297297297;1;0;0.0000000000;1.0000000000;0;1;0.0013531800;0.9729364005;0;1.0000000000;9.8089731195;60.2630355966;13.1274298689;11.7765042601;12.3099648429;12.3859653279;0.8819470736;739;0.7316666667;7;1.0000000000;37;1.0000000000;0.4289580514;0.0000000000;5.0378890392;0.2594722598;4.1428571429;0.0357142857;0;1.0000000000;40;11.7300000000;14;7.8530000000;7;2.6420000000;21;9.6790000000;7;2.8270000000;15;5.7000000000;6;3.1160000000;17;9.3280000000;0.8582439678;0;0;0;0.0000000000;0.1471769365;-0.9775000000;0.0004550169;0.1448075324;0.0060467930;0.8443921208;0.0043486180;0.6800654551;0.0000000000;0.0000000000;0.0000100001;0.9945479035;0.0000125542;0.0054695024;0.0000100000;0.9999933333;0.4187288775
https://web.archive.org/web/20130313061035/http://scienceweek.com/bookshelf/quantum-mechanics.htm;4.5000000000;0;0;0;0.0102389078;0.4880546075;0.0000000000;1.0000000000;0;1;0.0000000000;1.0000000000;0;1;0.0102739726;0.7945205479;0;1.0000000000;24.4710204082;6.8918367347;24.0897959184;15.8452325787;30.6090816327;17.9745027653;0.9976550391;292;0.0000000000;1;1.0000000000;6;0.0400000000;0.5821917808;0.1643835616;5.9143835616;0.4785958904;11.0000000000;1.0000000000;0;1.0000000000;1;0.2340000000;4;1.5470000000;1;0.2500000000;3;1.5480000000;3;0.5760000000;5;1.3140000000;1;0.2110000000;11;5.8600000000;0.9212286689;0;0;11;1.0000000000;0.2476190476;0.5267000000;0.1039159074;0.1793239415;0.7167038321;0.0000632279;0.0000431659;0.9475469755;0.0000000000;0.0000000000;1.0000098944;0.0000100360;0.0000100000;0.0000100000;0.0000100816;0.6666600080;0.8258928571
https://web.archive.org/web/20130115092919/http://news.yahoo.com/muti-miss-chicago-symphony-orchestra-concerts-220955815.html;4.5000000000;0;0;0;0.0144927536;0.2753623188;0.0000000000;1.0000000000;0;1;0.0000000000;1.0000000000;0;1;0.0152671756;0.6946564885;0;1.0000000000;8.9921153846;59.5366346154;10.5000000000;9.9821200219;11.2956923077;13.0893543769;0.8352331414;131;0.0000000000;7;1.0000000000;8;0.1200000000;0.7404580153;0.4809160305;5.1755725191;0.2938931298;6.0000000000;0.5000000000;0;1.0000000000;6;0.7920000000;8;3.4660000000;1;0.6250000000;2;1.2340000000;11;2.6310000000;14;5.0140000000;2;0.7660000000;9;4.2080000000;0.7284637681;1;1;0;0.0000000000;0.1150000000;0.2960000000;0.0003111105;0.0528171211;0.0076107369;0.9363970160;0.0029140497;0.9989249466;0.0000000000;-0.1531000000;0.0000100001;0.9570329189;0.0006653102;0.0423317812;0.0000100001;0.9999933333;1.0000000000
http://www.weatherquestions.com/What_is_the_greenhouse_effect.htm;4.6000000000;0;0;0;0.0024242424;0.8787878788;0.0277777778;0.8611111111;2;0;0.0000000000;1.0000000000;0;1;0.0049140049;0.9017199017;0;1.0000000000;10.2633656958;62.2469525351;14.7866235167;12.8319208025;12.9642624056;11.5565499867;0.8988983865;814;0.8566666667;11;0.9333333333;36;1.0000000000;0.3955773956;0.0000000000;4.9459459459;0.2364864865;6.0000000000;0.5000000000;0;1.0000000000;5;1.5420000000;5;2.4480000000;3;0.9850000000;12;5.9990000000;15;4.8520000000;17;6.9670000000;6;2.3440000000;20;10.7650000000;0.9129648485;1;1;0;0.0000000000;0.0692550505;0.9813000000;0.3253381252;0.1026682630;0.5544860959;0.0057912190;0.0117662428;0.5667652107;0.0000000000;0.0000000000;0.0000134222;0.0009396325;0.9990769029;0.0000100000;0.0000100000;0.9999921926;0.8683712121
http://www.webmd.com/cancer/news/20130107/pap-ovarian-endometrial-cancers?src=RSS_PUBLIC;5.0000000000;1;0;0;0.0000000000;1.0000000000;0.0000000000;1.0000000000;1;0;0.0000000000;1.0000000000;0;1;0.0000000000;1.0000000000;0;1.0000000000;8.9840911605;61.0848689014;12.8907622525;11.8095797659;10.4357683372;11.5826123003;0.8565568796;781;0.8016666667;7;1.0000000000;46;1.0000000000;0.4046094750;0.0000000000;4.9948783611;0.2487195903;5.7142857143;0.4285714286;0;1.0000000000;26;14.6070000000;11;5.4450000000;25;18.3040000000;34;23.7000000000;25;21.6650000000;14;4.2340000000;4;1.2260000000;39;19.8720000000;0.7232157360;1;1;0;0.0000000000;0.0967702232;-0.9990000000;0.0064704064;0.1410107017;0.5082462430;0.3297792375;0.0145434281;0.6603287218;0.0000000000;0.0000000000;0.0037457733;0.0006770866;0.9955658317;0.0000370130;0.0000242300;0.9987433322;0.8567195060
https://web.archive.org/web/20131202202836/http://www.lccbank.com/bsavings.html;5.0000000000;0;0;0;0.0256410256;0.0000000000;0.0000000000;1.0000000000;0;1;0.0000000000;1.0000000000;0;1;0.0000000000;1.0000000000;0;1.0000000000;8.0921428571;68.2153571429;9.2857142857;8.4772255751;9.5242857143;10.2277918571;0.7107996241;35;0.0000000000;4;1.0000000000;2;0.0000000000;0.9428571429;0.8857142857;4.7142857143;0.1785714286;6.0000000000;0.5000000000;0;1.0000000000;0;0.0000000000;0;0.0000000000;0;0.0000000000;0;0.0000000000;0;0.0000000000;2;0.7910000000;0;0.0000000000;5;2.7500000000;0.8184102564;1;1;1;0.2000000000;-0.1333333333;-0.1930000000;0.8497055173;0.0213317145;0.1288349777;0.0000872685;0.0000905358;0.7167346490;0.0000000000;0.0000000000;1.0000057220;0.0000105879;0.0000128279;0.0000108169;0.0000100001;0.6666614260;0.6458333333
http://www.diabetes.co.uk/sweeteners/aspartame.html;4.6666666667;0;0;0;0.0123329908;0.3833504625;0.0000000000;1.0000000000;0;1;0.0000000000;1.0000000000;0;1;0.0000000000;1.0000000000;0;1.0000000000;14.9672820199;34.5929863059;18.5764728758;15.6063047289;17.2049281964;14.8905486773;0.9940349201;966;1.0000000000;7;1.0000000000;37;1.0000000000;0.4979296066;0.0000000000;5.4616977226;0.3654244306;7.1428571429;0.7857142857;0;1.0000000000;10;4.5610000000;17;8.1360000000;11;5.3300000000;35;15.7890000000;10;5.5560000000;40;15.8130000000;8;2.8900000000;56;30.2210000000;0.8185077081;1;1;0;0.0000000000;0.0249872319;0.9776000000;0.1312434971;0.8287963271;0.0280780997;0.0075512431;0.0043808506;0.6363918841;0.5000000000;0.6705000000;0.0001188574;0.0008141487;0.0000100043;0.0017420410;0.9973648787;0.5538387547;0.7641513449
https://web.archive.org/web/20130624231740/http://blog.creditkarma.com/credit-101/your-2013-credit-checklist/;4.5000000000;1;0;0;0.0026954178;0.8652291105;0.0476190476;0.7619047619;0;1;0.0476190476;0.0476190476;0;1;0.0000000000;1.0000000000;0;1.0000000000;6.7123686208;78.8709661355;9.6681085183;8.7940856545;8.2195048378;8.3718407503;0.6107799713;738;0.7300000000;4;1.0000000000;42;1.0000000000;0.4756097561;0.0000000000;4.5013550136;0.1253387534;5.7500000000;0.4375000000;0;1.0000000000;5;1.2140000000;30;15.1850000000;0;0.0000000000;6;0.9000000000;6;1.8800000000;27;10.2020000000;15;5.4950000000;69;36.1770000000;0.8084824798;1;1;8;1.0000000000;0.2499153955;0.9996000000;0.0054324791;0.5323052406;0.0050379755;0.4350130558;0.0222612713;0.6577020832;0.0000000000;0.3818000000;0.0000100032;0.0036323408;0.0000110121;0.9963859916;0.0000106090;0.9999931293;0.6245877139
https://web.archive.org/web/20201112011928/https://inthesetimes.com/article/bains-birth-by-death-squads;4.0000000000;0;0;0;0.0077092511;0.6145374449;0.0238095238;0.8809523810;0;1;0.0000000000;1.0000000000;0;1;0.0000000000;1.0000000000;0;1.0000000000;11.5958218126;51.3651612903;15.2657450077;13.3164224142;13.4092027650;12.5341153366;0.9547891959;903;1.0000000000;5;1.0000000000;42;1.0000000000;0.5813953488;0.1627906977;5.2392026578;0.3098006645;4.8000000000;0.2000000000;1;0.6666666667;33;15.7010000000;26;12.5070000000;18;10.4220000000;49;24.0830000000;19;12.5230000000;28;12.3540000000;14;6.6630000000;59;31.9120000000;0.7221035242;0;0;4;0.8000000000;0.1012507984;-0.9783000000;0.0146966921;0.7245011330;0.2358634174;0.0242167097;0.0007720119;0.6759770987;0.0000000000;-0.5994000000;0.0000100004;0.0000114394;1.0000085831;0.0000100000;0.0000100000;0.9337266665;0.7874884678
http://www.samizdata.net/2013/01/crane-before-and-after/;3.5714285714;1;0;0;0.0075187970;0.6240601504;0.0000000000;1.0000000000;0;1;0.0000000000;1.0000000000;0;1;0.0025380711;0.9492385787;0;1.0000000000;7.7297249405;76.9538230627;11.6955302830;10.2183975478;8.9132570748;7.5914359724;0.6764608524;394;0.1566666667;5;1.0000000000;19;0.5600000000;0.5304568528;0.0609137056;4.2715736041;0.0678934010;5.6000000000;0.4000000000;0;1.0000000000;8;5.8540000000;3;1.4210000000;5;3.2260000000;10;6.9370000000;14;8.2890000000;0;0.0000000000;3;2.2970000000;9;3.9360000000;0.8397994987;1;1;7;1.0000000000;0.0090229215;-0.9862000000;0.2059665173;0.5590946078;0.2339229137;0.0002812427;0.0007847480;0.6069495782;0.0000000000;0.0000000000;0.0014993763;0.0141196055;0.1986246556;0.7543125749;0.0314938053;0.9890022728;0.3880212380
https://web.archive.org/web/20170531125301/http://www.melpomene.org/pets/litter-box-training/litter-box-training-for-semi-wild-cats;4.5000000000;0;1;1;0.0060060060;0.6996996997;0.0000000000;1.0000000000;0;1;0.0000000000;1.0000000000;0;1;0.0000000000;1.0000000000;0;1.0000000000;4.9834520885;86.2932125307;8.5770679771;8.3512955101;5.4307944308;6.3289155315;0.4518036634;325;0.0416666667;8;1.0000000000;22;0.6800000000;0.5476923077;0.0953846154;4.2215384615;0.0553846154;3.8750000000;0.0000000000;0;1.0000000000;8;2.2240000000;4;1.9620000000;5;1.7500000000;6;1.6120000000;11;3.4150000000;11;4.1370000000;6;2.6160000000;12;5.1100000000;0.8629069069;0;0;0;0.0000000000;0.1027006173;0.9499000000;0.0358233303;0.8495001197;0.0393105522;0.0734130144;0.0020029012;0.6874579229;0.0000000000;0.0000000000;0.0000100881;0.0263223350;0.0002123381;0.9734951258;0.0000100001;0.9999933039;0.6539945394
http://www.jonnydigital.com/druidpoet;4.5000000000;0;0;0;0.0404858300;0.0000000000;0.0400000000;0.8000000000;0;1;0.0200000000;0.6000000000;0;1;0.0054274084;0.8914518318;0;1.0000000000;4.6490042553;88.5194000000;9.3670638298;9.1481704596;5.9008111702;6.9632980120;0.4824560220;737;0.7283333333;4;1.0000000000;50;1.0000000000;0.5549525102;0.1099050204;4.3120759837;0.0780189959;4.2500000000;0.0625000000;0;1.0000000000;15;8.4190000000;20;10.0520000000;12;5.6980000000;17;8.1980000000;15;7.6120000000;29;11.8190000000;9;2.7510000000;23;11.1800000000;0.8225937922;1;1;0;0.0000000000;0.0751074175;0.9802000000;0.1208412126;0.1845738590;0.6881433725;0.0046469294;0.0018446329;0.6389713848;0.0000000000;0.0000000000;0.0001728142;0.9997938275;0.0000629829;0.0000103091;0.0000100000;0.9999390619;0.8031575079
http://www.womentowomen.com/depressionanxietyandmood/antidepressants.aspx;4.6250000000;1;0;0;0.0169867061;0.1506646972;0.0360000000;0.8200000000;1;0;0.0000000000;1.0000000000;0;1;0.0034533794;0.9309324124;0;1.0000000000;4.3940257718;78.4212091275;9.7422021093;9.3308767165;6.5460148610;10.3696222548;0.5884130637;4054;1.0000000000;8;1.0000000000;500;1.0000000000;0.3838184509;0.0000000000;5.2614701529;0.3153675382;5.8750000000;0.4687500000;0;1.0000000000;57;18.5380000000;85;42.1880000000;41;14.8480000000;199;86.0380000000;145;98.7170000000;122;52.1500000000;34;11.3710000000;119;59.8650000000;0.8110709010;0;0;3;0.6000000000;0.1165248530;-0.9998000000;0.0464399755;0.9084212184;0.0323923379;0.0119186966;0.0008777055;0.6510274397;0.3000000000;0.6597000000;0.9123800993;0.0871239454;0.0005253715;0.0000100083;0.0000106011;0.5894030999;0.5150062421
https://web.archive.org/web/20130406175654/http://www.forbes.com/sites/financialfinesse/2012/12/12/forget-the-fiscal-cliff-here-are-the-real-threats-to-your-portfolio/;4.3333333333;1;0;0;0.0028612303;0.8569384835;0.0151515152;0.9242424242;0;1;0.0000000000;1.0000000000;0;1;0.0007215007;0.9855699856;0;1.0000000000;9.1821297242;67.6600442629;13.4617637045;11.8420483024;10.7414110912;9.5225641426;0.8189023336;1386;1.0000000000;12;0.8666666667;66;1.0000000000;0.4300144300;0.0000000000;4.6969696970;0.1742424242;4.6666666667;0.1666666667;0;1.0000000000;19;4.4630000000;47;22.7810000000;8;2.3680000000;37;15.5340000000;24;9.9950000000;28;13.4860000000;22;7.1970000000;71;35.0920000000;0.8413218884;1;1;9;1.0000000000;0.1256456283;0.9916000000;0.0062264558;0.8860777617;0.0590866171;0.0460056104;0.0026535178;0.6693066755;0.2000000000;-0.5719000000;0.2270213813;0.0007235780;0.7722311616;0.0000100002;0.0000638498;0.8763715896;0.7876058124
https://web.archive.org/web/20170228133042/http://www.healthylifestylebalance.com/childhood-nutrition.html;3.5000000000;0;0;0;0.0047169811;0.7641509434;0.0892857143;0.5535714286;0;1;0.0178571429;0.6428571429;0;1;0.0000000000;1.0000000000;0;1.0000000000;8.9524524593;64.6872218956;12.1460086010;11.0511756018;9.7766970165;9.7497717959;0.8007090937;1058;1.0000000000;2;1.0000000000;56;1.0000000000;0.4584120983;0.0000000000;4.6417769376;0.1604442344;9.0000000000;1.0000000000;0;1.0000000000;10;3.4050000000;38;20.0790000000;14;5.8750000000;19;7.1460000000;16;6.6780000000;71;29.1290000000;14;4.3210000000;54;26.4270000000;0.8055471698;1;1;1;0.2000000000;0.2274136226;0.9961000000;0.0180876479;0.2837086022;0.3710360229;0.2878829241;0.0393347591;0.6501258643;0.0000000000;0.0000000000;0.0002078444;0.9998090863;0.0000131207;0.0000100000;0.0000100005;0.9999273850;0.4297998974
http://reason.com/archives/2012/08/16/romney-and-ryan-would-return-us-to-the-b;3.8333333333;1;0;0;0.0000000000;1.0000000000;0.0263157895;0.8684210526;0;1;0.0000000000;1.0000000000;0;1;0.0000000000;1.0000000000;0;1.0000000000;9.2626532084;62.8700144196;13.3280461428;12.0175267936;10.6026056236;10.6567924877;0.8554603041;723;0.7050000000;10;1.0000000000;38;1.0000000000;0.4965421853;0.0000000000;4.8243430152;0.2060857538;4.0000000000;0.0000000000;0;1.0000000000;9;4.6570000000;11;5.8220000000;7;2.2970000000;29;14.3970000000;16;7.2580000000;20;8.7730000000;2;1.1870000000;40;20.9140000000;0.8218144611;1;1;6;1.0000000000;-0.0387695638;-0.9472000000;0.0030256896;0.3261553645;0.2886630297;0.3806296289;0.0015763136;0.7003326656;0.0000000000;0.0000000000;0.0035239076;0.0186985545;0.0001334313;0.3746681511;0.6030260324;0.7978166866;0.8142274392
http://www.ecb.int/press/key/date/2004/html/sp040426.en.html;4.0000000000;1;0;0;0.0029883611;0.8505819440;0.0160642570;0.9196787149;0;1;0.0000000000;1.0000000000;0;1;0.0000000000;1.0000000000;0;1.0000000000;14.2496218838;38.3932837008;19.5879366523;16.3984354418;15.6901550921;13.4376218347;1.0000000000;6350;1.0000000000;8;1.0000000000;249;1.0000000000;0.2634645669;0.0000000000;5.1793700787;0.2948425197;4.6250000000;0.1562500000;0;1.0000000000;42;15.9540000000;222;112.1550000000;22;6.5040000000;119;37.0110000000;48;18.6000000000;121;44.3240000000;48;17.3460000000;430;227.5730000000;0.8491767852;1;1;0;0.0000000000;0.1305520929;0.9999000000;0.0267278273;0.2783636749;0.5354381204;0.1547013223;0.0048190826;0.6562176967;0.0000000000;0.0000000000;0.0000395504;0.0000100889;0.0319316275;0.9671346545;0.0009340828;0.9996754556;0.7013417824
http://www.carsdirect.com/car-insurance/what-to-do-if-your-car-insurance-is-cancelled;3.7500000000;0;0;0;0.0036310821;0.8184458969;0.0322580645;0.8387096774;1;0;0.0000000000;1.0000000000;0;1;0.0000000000;1.0000000000;0;1.0000000000;10.9998099534;56.1594612254;15.6744092206;13.6180005408;12.3151538693;11.0031049454;0.9433743942;1369;1.0000000000;8;1.0000000000;62;1.0000000000;0.3666910153;0.0000000000;4.8750913075;0.2187728269;6.7500000000;0.6875000000;0;1.0000000000;12;3.2750000000;29;14.4650000000;5;1.3300000000;22;7.2200000000;29;11.2380000000;32;11.7380000000;11;3.3140000000;50;26.1210000000;0.8856920842;1;1;0;0.0000000000;0.0547990498;-0.9893000000;0.1280807108;0.6247672439;0.1847850978;0.0537606515;0.0086563127;0.6282209922;0.0000000000;-0.2500000000;0.9893760681;0.0001397416;0.0018698857;0.0000100111;0.0086543355;0.6673231988;0.5398392215
http://www.druglibrary.org/mags/newsweek42.htm;4.0000000000;0;1;1;0.0036496350;0.8175182482;0.0000000000;1.0000000000;0;1;0.0000000000;1.0000000000;0;1;0.0000000000;1.0000000000;0;1.0000000000;9.1672262774;66.8784194273;12.8103312746;11.3205029434;12.0911987647;11.4865177044;0.8422909026;272;0.0000000000;2;1.0000000000;13;0.3200000000;0.6544117647;0.3088235294;4.9227941176;0.2306985294;6.0000000000;0.5000000000;0;1.0000000000;1;0.4850000000;11;5.0330000000;3;0.7970000000;5;2.9770000000;2;0.5780000000;6;2.1190000000;3;0.8200000000;10;5.6640000000;0.8651605839;1;1;0;0.0000000000;-0.0013124157;0.8176000000;0.0642436966;0.4873206615;0.4116619527;0.0324851833;0.0043384321;0.7654059571;0.0000000000;0.0000000000;0.0000100000;0.0000100000;0.0000102909;1.0000096560;0.0000101738;0.9999932754;0.4844466937
https://web.archive.org/web/20150918050033/http://www.megahealth-lifestyle.com/what-is-mlm.html;3.0000000000;0;0;0;0.0024213075;0.8789346247;0.0384615385;0.8076923077;1;0;0.0000000000;1.0000000000;0;1;0.0000000000;1.0000000000;0;1.0000000000;9.1793795620;57.4062507019;12.3571401834;11.4580412353;10.3218023582;12.0987109659;0.8648479726;410;0.1833333333;3;1.0000000000;26;0.8400000000;0.5341463415;0.0682926829;5.0780487805;0.2695121951;3.0000000000;0.0000000000;0;1.0000000000;3;0.6770000000;10;5.0540000000;1;0.1640000000;0;0.0000000000;2;0.8270000000;10;4.6100000000;5;1.2660000000;32;17.4710000000;0.8543874092;0;0;1;0.2000000000;0.1757532468;-0.9339000000;0.0023395617;0.2707115114;0.2148070484;0.5052234530;0.0069683869;0.7076306838;0.0000000000;-0.4824000000;0.0000100000;0.0000100883;1.0000098944;0.0000100000;0.0000100000;0.9999933333;0.5655086580
http://www.myspecialdiet.com/cranberry.aspx;5.0000000000;0;0;0;0.0181159420;0.0942028986;0.0000000000;1.0000000000;0;1;0.0000000000;1.0000000000;0;1;0.0000000000;1.0000000000;0;1.0000000000;8.4741240876;74.9759549878;12.1990267640;10.2456883731;11.2848053528;9.4914880766;0.7623204796;267;0.0000000000;9;1.0000000000;12;0.2800000000;0.5730337079;0.1460674157;4.6441947566;0.1610486891;5.4444444444;0.3611111111;0;1.0000000000;1;0.1020000000;2;1.0550000000;0;0.0000000000;0;0.0000000000;0;0.0000000000;10;3.1550000000;0;0.0000000000;7;3.1800000000;0.9457101449;1;1;0;0.0000000000;-0.0013528139;-0.3818000000;0.0031140265;0.4921015203;0.0103510804;0.4821475148;0.0123358741;0.9948500331;0.3571428571;0.4019000000;0.0000144543;0.0000100177;0.0003030071;0.9816300869;0.0180924349;0.9939643703;0.5645292208
https://web.archive.org/web/20171212053338/https://www.olganon.org/home;3.7142857143;0;1;1;0.0046838407;0.7658079625;0.0000000000;1.0000000000;0;1;0.1000000000;0.0000000000;0;1;0.0000000000;1.0000000000;0;1.0000000000;7.9576997636;63.1235000000;11.7865721040;11.0622577483;8.9584397163;11.2359555650;0.7967097148;424;0.2066666667;3;1.0000000000;30;1.0000000000;0.5518867925;0.1037735849;4.9410377358;0.2352594340;5.6666666667;0.4166666667;0;1.0000000000;5;2.9390000000;12;6.8430000000;4;1.8980000000;10;3.6230000000;6;2.7770000000;29;12.9210000000;3;0.9680000000;32;18.8920000000;0.7617751756;0;0;1;0.2000000000;0.0857526882;0.9980000000;0.0002552927;0.0042937067;0.1701089740;0.7661825418;0.0592094436;0.6481784212;0.0000000000;0.0000000000;0.0000100000;0.0000100000;1.0000100136;0.0000100000;0.0000100000;0.9999933333;0.3864247312
http://www.ushistory.org/us/48.asp;5.0000000000;0;1;1;0.0067873303;0.6606334842;0.0645161290;0.6774193548;0;1;0.0000000000;1.0000000000;0;1;0.0000000000;1.0000000000;0;1.0000000000;8.3720831802;60.2617459034;11.5870673819;10.9311553891;9.6512601955;12.0716812096;0.8227158940;437;0.2283333333;5;1.0000000000;31;1.0000000000;0.6361556064;0.2723112128;5.1235697941;0.2808924485;6.0000000000;0.5000000000;0;1.0000000000;5;1.4980000000;6;3.3750000000;3;1.3120000000;14;7.9190000000;17;9.0550000000;13;5.2810000000;4;1.8740000000;29;14.6080000000;0.7967330317;0;0;0;0.0000000000;0.0128262787;0.5546000000;0.0026253711;0.9299381375;0.0376742892;0.0291083753;0.0007039012;0.9624902426;0.8000000000;0.1027000000;0.0001499413;0.9997024536;0.0000348006;0.0001526855;0.0000101935;0.7999466217;0.9107804233
http://www.goodreturns.in/personal-finance/taxes/2013/01/tax-planning-here-complete-guide-salaried-employees-2-158329.html;3.6000000000;1;0;0;0.0250000000;0.0000000000;0.0384615385;0.8076923077;0;1;0.0000000000;1.0000000000;0;1;0.0054545455;0.8909090909;0;1.0000000000;8.2088061041;74.3663399392;12.8780278967;11.3205029434;10.4469424113;9.2404846409;0.7628146156;550;0.4166666667;10;1.0000000000;26;0.8400000000;0.5654545455;0.1309090909;4.5636363636;0.1409090909;5.1000000000;0.2750000000;0;1.0000000000;3;1.8100000000;19;8.9690000000;3;0.8840000000;13;4.2370000000;17;4.5480000000;20;8.1300000000;3;1.1010000000;27;13.0230000000;0.8474928571;1;1;0;0.0000000000;0.0689991653;0.9774000000;0.0080622826;0.0577071719;0.9081547260;0.0256212652;0.0005045500;0.6788777225;0.1000000000;0.0000000000;0.0091100838;0.5025055408;0.4879786670;0.0004453757;0.0000103624;0.9969598513;0.7562567199
http://www.emphysema.net/whoweare.asp;5.0000000000;0;0;0;0.0165289256;0.1735537190;0.0000000000;1.0000000000;1;0;0.0000000000;1.0000000000;0;1;0.0000000000;1.0000000000;0;1.0000000000;2.8566666667;95.9550000000;7.5777777778;8.0000000000;3.0698333333;4.8283374278;0.2978147989;353;0.0883333333;10;1.0000000000;30;1.0000000000;0.4702549575;0.0000000000;4.0254957507;0.0063739377;5.1000000000;0.2750000000;0;1.0000000000;7;4.2760000000;13;7.6270000000;4;2.1480000000;10;4.5170000000;9;4.1440000000;11;4.4830000000;4;1.2740000000;13;6.3830000000;0.8079779614;1;1;0;0.0000000000;0.0382154882;-0.8407000000;0.0001042252;0.6337184906;0.0407261513;0.3215566874;0.0039444580;0.7715171056;0.2857142857;0.0000000000;0.0000100109;0.0000100136;1.0000100136;0.0000100304;0.0000100074;0.9999933272;0.6695827321
http://www.earthsave.org/news/03summer/fish.htm;4.0000000000;0;1;1;0.0067302299;0.6634885025;0.0000000000;1.0000000000;0;1;0.0000000000;1.0000000000;0;1;0.0011261261;0.9774774775;0;1.0000000000;15.1143726389;46.6192100446;19.2221674303;15.0611648738;17.8418427708;11.3471083999;0.9857752254;1776;1.0000000000;7;1.0000000000;53;1.0000000000;0.4009009009;0.0000000000;4.7899774775;0.1974943694;7.2857142857;0.8214285714;0;1.0000000000;29;13.5560000000;46;22.9810000000;49;30.7030000000;68;37.0840000000;65;30.5370000000;68;29.9810000000;12;3.3530000000;49;24.4590000000;0.7838990466;1;1;1;0.2000000000;0.0840534441;-0.9547000000;0.0179310124;0.9169401526;0.0575872511;0.0063445494;0.0012470202;0.6904739891;0.0000000000;0.0000000000;0.9337046742;0.0655874312;0.0000558407;0.0000190911;0.0006829557;0.6885374567;0.5395986917
http://www.aoc.nrao.edu/evla/admin/reviews/widarconnect/widarconnect.html;3.5000000000;0;1;1;0.0256410256;0.0000000000;0.5454545455;0.0000000000;0;1;0.0000000000;1.0000000000;0;1;0.0066225166;0.8675496689;0;1.0000000000;6.4254545455;74.0927272727;11.8299120235;11.0903983496;9.0439061584;11.3469704581;0.7364590170;151;0.0000000000;5;1.0000000000;11;0.2400000000;0.6291390728;0.2582781457;5.1390728477;0.2847682119;7.8000000000;0.9500000000;0;1.0000000000;0;0.0000000000;0;0.0000000000;0;0.0000000000;0;0.0000000000;1;0.2590000000;0;0.0000000000;0;0.0000000000;5;2.5000000000;0.9646282051;1;1;0;0.0000000000;0.1324179293;0.5372000000;0.0140517149;0.7778753638;0.1854768991;0.0224029943;0.0002430277;0.9704350858;0.0000000000;0.0000000000;0.0000100582;0.0000112879;0.9302203655;0.0697838590;0.0000244145;0.9999885091;0.7130681818
http://www.users.zetnet.co.uk/nwoolley/home.htm;3.2500000000;0;0;0;0.0250000000;0.0000000000;0.0000000000;1.0000000000;0;1;0.0000000000;1.0000000000;0;1;0.0000000000;1.0000000000;0;1.0000000000;5.6228571429;84.2650000000;9.7320197044;9.2105900341;7.1574384236;7.7579420345;0.5540844405;114;0.0000000000;6;1.0000000000;7;0.0800000000;0.7192982456;0.4385964912;4.4035087719;0.1008771930;4.3333333333;0.0833333333;0;1.0000000000;0;0.0000000000;6;3.8510000000;0;0.0000000000;0;0.0000000000;1;0.1250000000;7;3.7380000000;3;1.0780000000;7;4.0400000000;0.7861333333;0;0;0;0.0000000000;0.2892857143;0.9774000000;0.2501690090;0.6863274574;0.0061971997;0.0448885784;0.0124677774;0.5941877379;0.0000000000;0.3182000000;0.0173490699;0.9570304751;0.0003464109;0.0251594651;0.0001644354;0.9941621649;0.6904761905
https://web.archive.org/web/20170112114834/http://edfvc.com/20080717.html;5.0000000000;1;0;0;0.0022075055;0.8896247241;0.0000000000;1.0000000000;0;1;0.0000000000;1.0000000000;0;1;0.0044345898;0.9113082040;0;1.0000000000;8.6855248515;68.4913034047;13.3970008488;11.9927507036;10.9770102801;10.6682764794;0.8331599504;451;0.2516666667;2;1.0000000000;23;0.7200000000;0.5809312639;0.1618625277;4.8980044346;0.2245011086;5.5000000000;0.3750000000;0;1.0000000000;2;0.4460000000;13;6.0880000000;3;1.3980000000;5;1.5760000000;4;1.4650000000;7;2.4140000000;2;0.5780000000;29;14.2840000000;0.8752803532;0;0;0;0.0000000000;-0.0274458874;0.9869000000;0.0966127142;0.0616141595;0.4156578779;0.3311886489;0.0949766412;0.6115368815;0.0000000000;0.0000000000;0.0000100000;0.0000100000;0.0000108677;1.0000087023;0.0000104697;0.9999931767;0.9142316017
http://entertainment.oneindia.in/bollywood/news/2013/kaminey-2-shahid-kapoor-in-priyanka-chopra-out-102461.html;3.5000000000;1;0;0;0.0128205128;0.3589743590;0.1428571429;0.2857142857;0;1;0.0000000000;1.0000000000;1;0;0.0134228188;0.7315436242;0;1.0000000000;9.0259398496;69.0265789474;10.7909774436;8.8554004377;10.5291823308;9.1799037039;0.7537599505;149;0.0000000000;7;1.0000000000;7;0.0800000000;0.7046979866;0.4093959732;4.5906040268;0.1476510067;4.7142857143;0.1785714286;0;1.0000000000;2;1.3340000000;2;1.1090000000;1;0.5160000000;2;1.0930000000;1;0.6880000000;0;0.0000000000;0;0.0000000000;3;1.5540000000;0.9193076923;0;0;0;0.0000000000;0.2428571429;0.6597000000;0.5466365218;0.2152999789;0.1623420268;0.0193542130;0.0564172417;0.6925154122;0.0000000000;0.0000000000;0.1093171537;0.0000210356;0.8901429176;0.0003606522;0.0002082643;0.9634915273;0.5535714286
http://www.newsmax.com/ThomasSowell/Gun-Control-mass-shootings/2012/12/21/id/468683;3.6000000000;1;0;0;0.0000000000;1.0000000000;0.0285714286;0.8571428571;0;1;0.0000000000;1.0000000000;0;1;0.0000000000;1.0000000000;0;1.0000000000;9.7179363354;62.8439891304;12.5962111801;11.1240384046;11.4119895186;10.6655619497;0.8563668017;735;0.7250000000;6;1.0000000000;35;1.0000000000;0.4231292517;0.0000000000;4.7496598639;0.1874149660;5.1666666667;0.2916666667;0;1.0000000000;51;32.9560000000;13;6.0790000000;13;10.4980000000;53;38.4700000000;28;17.3060000000;4;1.7490000000;14;8.2320000000;24;14.9520000000;0.6484696356;0;0;0;0.0000000000;0.0900075381;-0.9995000000;0.4468121231;0.3144523203;0.2352487743;0.0012234764;0.0023133031;0.5172915246;0.0000000000;-0.6908000000;0.9750725031;0.0101311281;0.0148234488;0.0000100002;0.0000129038;0.5477715310;0.7105053736
https://web.archive.org/web/20160415194342/http://stonestreet.com/structured-settlements/litigation-structured-settlement/;3.0000000000;0;0;0;0.0090361446;0.5481927711;0.0000000000;1.0000000000;0;1;0.0588235294;0.0000000000;0;1;0.0000000000;1.0000000000;0;1.0000000000;8.7641395689;65.9643642674;12.2969674826;11.1889452025;11.0786317136;11.3972753944;0.8366263423;327;0.0450000000;5;1.0000000000;17;0.4800000000;0.4801223242;0.0000000000;4.8042813456;0.2010703364;7.0000000000;0.7500000000;0;1.0000000000;14;1.4330000000;24;11.6760000000;1;0.1330000000;14;1.8790000000;3;0.6620000000;23;8.8930000000;7;1.9930000000;21;9.5390000000;0.7818795181;1;1;0;0.0000000000;0.1362301587;0.9744000000;0.0047867200;0.9736754894;0.0140626002;0.0075047002;0.0000204204;0.6821309532;0.0000000000;0.0000000000;0.0000103248;1.0000096560;0.0000100001;0.0000100310;0.0000100000;0.9999932251;0.9608134921
https://web.archive.org/web/20160430085119/http://www.kamakuraco.com/ProductsServices/KamakuraRiskInformationSvcs/TroubledCompanyIndex.aspx;5.0000000000;1;0;0;0.0110294118;0.4485294118;0.0000000000;1.0000000000;0;1;0.0000000000;1.0000000000;0;1;0.0000000000;1.0000000000;0;1.0000000000;19.8579653680;19.8640909091;20.3887445887;15.2474487139;22.6541883117;14.9075230985;0.9885977078;260;0.0000000000;12;0.8666666667;7;0.0800000000;0.6846153846;0.3692307692;5.4538461538;0.3634615385;7.4166666667;0.8541666667;0;1.0000000000;0;0.0000000000;9;4.6330000000;6;1.3620000000;10;3.4020000000;6;0.7260000000;1;0.1210000000;0;0.0000000000;8;4.1240000000;0.8943529412;1;1;0;0.0000000000;-0.0383522727;0.6369000000;0.0003588392;0.0729800463;0.0097011495;0.8987698555;0.0182401016;0.9025336864;-0.5000000000;-0.6249000000;0.1083156541;0.1774524003;0.1531146467;0.5251536965;0.0360136293;0.8686235722;0.3638731061
https://web.archive.org/web/20130323012936/http://www.smithbarney.com/products_services/fixed_income/cds/;5.0000000000;1;0;0;0.0000000000;1.0000000000;0.0000000000;1.0000000000;0;1;0.0000000000;1.0000000000;0;1;0.0000000000;1.0000000000;0;1.0000000000;11.5179244500;47.9450809465;17.4613532586;14.9087439228;11.8164632628;11.7901482968;0.9834658170;217;0.0000000000;5;1.0000000000;11;0.2400000000;0.6221198157;0.2442396313;5.0092165899;0.2523041475;7.2000000000;0.8000000000;0;1.0000000000;1;0.6670000000;4;1.9230000000;0;0.0000000000;2;0.8700000000;1;0.1000000000;2;0.9180000000;0;0.0000000000;13;6.7260000000;0.8990630631;1;1;0;0.0000000000;0.0649122807;0.9160000000;0.0109496666;0.9303618073;0.0434454754;0.0124917710;0.0028012758;0.7180830192;0.0000000000;0.0000000000;0.0045279511;0.0184808020;0.9770209193;0.0000103205;0.0000100038;0.9984873484;1.0000000000
http://www.yolnguboy.com/directory/htm/a-story/index-story.htm;3.5000000000;0;0;0;0.0091743119;0.5412844037;0.0000000000;1.0000000000;0;1;0.0000000000;1.0000000000;0;1;0.0000000000;1.0000000000;0;1.0000000000;6.3900456621;79.2539620653;9.2955391640;8.6839856006;8.1558166491;8.8619299909;0.6033602812;217;0.0000000000;1;1.0000000000;13;0.3200000000;0.6451612903;0.2903225806;4.5437788018;0.1359447005;5.0000000000;0.2500000000;0;1.0000000000;4;2.3870000000;6;2.8050000000;1;0.0780000000;4;0.7760000000;7;2.3810000000;16;5.8300000000;2;1.0240000000;10;5.4380000000;0.8099174312;0;0;0;0.0000000000;0.1914457071;0.9647000000;0.0114479028;0.5745370388;0.1425678730;0.2430463880;0.0284508299;0.6769004224;0.0000000000;0.0000000000;0.0000100000;0.0000106096;0.0000100017;1.0000094175;0.0000100000;0.9999933333;0.1523042929
https://web.archive.org/web/20170629174902/http://www.investorwords.com/7890/financial_risk_management.html;4.2000000000;0;0;0;0.0250000000;0.0000000000;0.2142857143;0.0000000000;1;0;0.0000000000;1.0000000000;0;1;0.0000000000;1.0000000000;0;1.0000000000;7.9449777942;62.6549352332;13.3899333827;12.0237781128;8.7200074019;11.0866368446;0.8086541830;192;0.0000000000;8;1.0000000000;14;0.3600000000;0.5781250000;0.1562500000;4.9687500000;0.2421875000;6.1250000000;0.5312500000;0;1.0000000000;7;0.8150000000;15;7.8810000000;1;0.1560000000;14;6.8850000000;1;0.2340000000;12;4.5270000000;2;0.9300000000;20;11.1610000000;0.6741100000;1;1;0;0.0000000000;0.0961247947;0.9644000000;0.0178795457;0.0063399859;0.9313468933;0.0052876538;0.0391958877;0.6713748555;0.0000000000;-0.2732000000;0.0000100003;0.0000101399;1.0000054836;0.0000144342;0.0000100001;0.9999933332;0.6534209086
http://www.medpagetoday.com/PublicHealthPolicy/Medicaid/36977;4.0000000000;1;0;0;0.0033057851;0.8347107438;0.0000000000;1.0000000000;0;1;0.0000000000;1.0000000000;0;1;0.0000000000;1.0000000000;0;1.0000000000;12.5289678390;52.2418952797;16.4214311296;13.7743657132;14.9664758971;12.0414481417;0.9588052841;598;0.4966666667;7;1.0000000000;23;0.7200000000;0.5117056856;0.0234113712;5.0200668896;0.2550167224;5.5714285714;0.3928571429;0;1.0000000000;14;5.8110000000;17;7.9310000000;8;5.6070000000;18;9.7040000000;14;8.9530000000;10;3.0450000000;1;0.2030000000;29;14.0550000000;0.8171603306;1;1;1;0.2000000000;0.1072299292;-0.9671000000;0.0553637333;0.2337727398;0.6805673838;0.0238937978;0.0064523732;0.6679946311;0.0000000000;0.4019000000;0.5875370502;0.0104704043;0.4020180106;0.0000100643;0.0000144849;0.8041494883;0.8170097895
http://money.howstuffworks.com/personal-finance/personal-income-taxes/income-tax.htm;4.5000000000;0;0;0;0.0040000000;0.8000000000;0.2000000000;0.0000000000;0;1;0.0000000000;1.0000000000;0;1;0.0000000000;1.0000000000;0;1.0000000000;6.4956862745;78.7705882353;10.5647058824;9.9282032303;7.6462352941;8.1456462510;0.6263056802;246;0.0000000000;4;1.0000000000;15;0.4000000000;0.6747967480;0.3495934959;4.5691056911;0.1422764228;4.5000000000;0.1250000000;0;1.0000000000;3;0.3980000000;16;8.7980000000;0;0.0000000000;4;1.6860000000;13;1.9120000000;18;8.1900000000;4;1.3980000000;16;7.2000000000;0.7633440000;1;1;1;0.2000000000;0.1287280702;0.9346000000;0.0246773958;0.7773002386;0.0888425708;0.0983200893;0.0109097036;0.6984043002;0.0000000000;0.0000000000;0.9959449768;0.0040477584;0.0000364165;0.0000108878;0.0000100002;0.6680150077;0.9967105263
https://web.archive.org/web/20150201191615/http://angelonmyshoulder.org/programs/angel-camps-2/;5.0000000000;0;1;1;0.0000000000;1.0000000000;0.0000000000;1.0000000000;0;1;0.0000000000;1.0000000000;0;1;0.0000000000;1.0000000000;0;1.0000000000;13.4539541985;45.2694809160;16.8922137405;14.2249721603;16.8019847328;14.4440772901;0.9731056388;131;0.0000000000;4;1.0000000000;5;0.0000000000;0.7404580153;0.4809160305;5.3358778626;0.3339694656;4.2500000000;0.0625000000;0;1.0000000000;1;0.5770000000;5;2.5310000000;1;0.7340000000;2;1.4370000000;2;1.5630000000;11;5.2200000000;4;1.0860000000;9;5.2350000000;0.7276592593;1;1;0;0.0000000000;0.2475000000;0.9393000000;0.0473408401;0.0602519102;0.3469646573;0.2606141269;0.2848784626;0.5963935658;0.0000000000;0.0000000000;0.0037204693;0.0000145310;0.9962925315;0.0000124809;0.0000100010;0.9987565099;0.4062500000
https://web.archive.org/web/20130112012639/http://news.yahoo.com/israeli-law-aims-ultrathin-models-obsolete-182224868.html;4.0000000000;0;0;0;0.0000000000;1.0000000000;0.0000000000;1.0000000000;0;1;0.0000000000;1.0000000000;0;1;0.0034662045;0.9306759099;0;1.0000000000;8.4534608844;67.1833545918;12.4520408163;11.3852549156;10.0098469388;10.3682999422;0.8033285674;577;0.4616666667;8;1.0000000000;32;1.0000000000;0.5823223570;0.1646447140;4.8353552860;0.2088388215;5.3750000000;0.3437500000;0;1.0000000000;5;2.9850000000;17;6.5320000000;7;2.3530000000;14;4.7170000000;10;4.3850000000;15;5.2180000000;8;1.3670000000;34;16.2750000000;0.8501470085;1;1;3;0.6000000000;0.1019756387;0.8995000000;0.1077912450;0.7382288575;0.1244044229;0.0261415653;0.0034839276;0.6965749425;0.0000000000;-0.2960000000;0.9872105122;0.0070585203;0.0008140373;0.0000136282;0.0049533336;0.6692787181;0.7809219647
https://web.archive.org/web/20170102124703/https://www.medicare.gov/sign-up-change-plans/medicare-health-plans/medicare-advantage-plans/medicare-advantage-plans.html;4.8636363636;0;1;1;0.0072463768;0.6376811594;0.5555555556;0.0000000000;0;1;0.0000000000;1.0000000000;0;1;0.0074074074;0.8518518519;0;1.0000000000;9.2094403893;56.1479480941;9.0085969181;8.7735026919;11.0719140308;13.3285872701;0.8069817447;135;0.0000000000;3;1.0000000000;9;0.1600000000;0.6148148148;0.2296296296;5.3777777778;0.3444444444;7.3333333333;0.8333333333;0;1.0000000000;1;0.3410000000;8;4.4280000000;1;0.6880000000;2;0.9850000000;1;0.6650000000;3;1.5600000000;0;0.0000000000;4;2.0000000000;0.8454057971;1;1;0;0.0000000000;0.2165178571;0.9688000000;0.0081311278;0.8566516042;0.1324927509;0.0026347016;0.0001398103;0.6847096873;0.0000000000;0.2500000000;0.0001891200;0.9998239875;0.0000153375;0.0000103590;0.0000112342;0.9999332153;0.6026785714
https://web.archive.org/web/20171027072007/http://www.healthylifestylebalance.com/calorie-counting.html;3.0000000000;0;0;0;0.0049627792;0.7518610422;0.0746268657;0.6268656716;0;1;0.0149253731;0.7014925373;0;1;0.0000000000;1.0000000000;0;1.0000000000;5.7917215166;74.9387327338;8.8805043107;9.0594073894;5.7519844257;8.1704171292;0.5549541865;804;0.8400000000;2;1.0000000000;67;1.0000000000;0.4738805970;0.0000000000;4.5037313433;0.1259328358;7.5000000000;0.8750000000;0;1.0000000000;12;4.0780000000;18;8.8540000000;13;4.8840000000;16;5.7720000000;20;7.5760000000;37;15.1400000000;9;2.4290000000;37;19.9360000000;0.8296054591;1;1;1;0.2000000000;0.1635726627;0.9493000000;0.3587553203;0.3524359167;0.2361379713;0.0188776087;0.0338431485;0.5696005104;0.0000000000;0.0000000000;0.5213677883;0.0000100095;0.0000284394;0.0000100038;0.4786337912;0.6666661402;0.3949065372
https://web.archive.org/web/20170703050828/https://health.usnews.com/health-insurance/georgia;4.0000000000;0;0;0;0.0053835801;0.7308209960;0.1976744186;0.0116279070;0;1;0.0000000000;1.0000000000;0;1;0.0000000000;1.0000000000;0;1.0000000000;8.7828283764;63.2842036505;13.2197906050;12.0348163776;9.6435828778;10.3705842178;0.8255907060;1483;1.0000000000;3;1.0000000000;86;1.0000000000;0.3661496966;0.0000000000;4.8347943358;0.2086985840;7.3333333333;0.8333333333;0;1.0000000000;20;6.7140000000;63;31.7550000000;10;2.8000000000;37;12.1460000000;37;10.1290000000;75;30.3000000000;6;2.4140000000;70;33.9330000000;0.8247765814;1;1;4;0.8000000000;0.0990648510;0.9911000000;0.0161759090;0.5062731504;0.4372501373;0.0395272337;0.0008235441;0.6669335156;0.0000000000;0.0000000000;0.0000100004;0.0000134554;1.0000065565;0.0000100048;0.0000100014;0.9999933327;0.7326051780
https://web.archive.org/web/20131101180757/http://www.myfinancialsoftware.com/links/overview.htm;3.5000000000;0;0;0;0.0200501253;0.0000000000;0.1034482759;0.4827586207;0;1;0.0000000000;1.0000000000;0;1;0.0025380711;0.9492385787;0;1.0000000000;9.9304394187;48.4947630923;12.4138275002;11.4486277196;10.8661123054;13.7461458529;0.9109823427;394;0.1566666667;5;1.0000000000;29;0.9600000000;0.5456852792;0.0913705584;5.5025380711;0.3756345178;7.2000000000;0.8000000000;0;1.0000000000;5;0.3980000000;22;9.9680000000;2;0.9220000000;3;1.0150000000;2;0.7820000000;16;8.3380000000;13;2.9150000000;38;19.3000000000;0.7812631579;1;1;16;1.0000000000;0.3544312169;0.9972000000;0.0000405383;0.0019179236;0.9967783689;0.0012920046;0.0000211766;0.6685127617;0.0000000000;0.0000000000;0.1091422811;0.0010278170;0.0113733988;0.0008434672;0.8776630759;0.6710648810;0.5210537919
http://beingfrugal.net/should-you-do-your-own-taxes-or-hire-an-accountant/;4.1666666667;1;0;0;0.0028248588;0.8587570621;0.0487804878;0.7560975610;1;0;0.0000000000;1.0000000000;0;1;0.0014367816;0.9712643678;0;1.0000000000;6.3446341463;80.3314117404;10.7491249828;10.0538002212;6.9555446465;7.1429800946;0.5953394227;696;0.6600000000;12;0.8666666667;41;1.0000000000;0.4439655172;0.0000000000;4.2830459770;0.0707614943;4.5833333333;0.1458333333;0;1.0000000000;5;0.3700000000;31;16.5240000000;2;0.2110000000;2;0.4690000000;14;2.4370000000;17;5.8190000000;9;2.0310000000;33;15.5150000000;0.8774689266;1;1;3;0.6000000000;0.2736338798;0.9952000000;0.0137213320;0.0919770300;0.4104901850;0.4713768363;0.0124846967;0.6611313238;0.6000000000;0.0000000000;0.4076406062;0.4140568972;0.0094364127;0.1689053178;0.0000108005;0.7974495311;0.2329722873
https://web.archive.org/web/20130105054114/http://www.nlm.nih.gov/medlineplus/news/fullstory_132215.html;4.4000000000;1;1;1;0.0028328612;0.8583569405;0.0000000000;1.0000000000;0;1;0.0000000000;1.0000000000;0;1;0.0058309038;0.8833819242;0;1.0000000000;12.7969364162;50.7198065807;16.5421076034;13.8486085602;16.0947154291;13.3194858526;0.9650038047;343;0.0716666667;10;1.0000000000;13;0.3200000000;0.5218658892;0.0437317784;5.2040816327;0.3010204082;6.0000000000;0.5000000000;0;1.0000000000;5;2.4880000000;10;5.0620000000;5;2.8520000000;15;8.5280000000;10;6.0260000000;10;3.6830000000;3;1.8210000000;12;5.4390000000;0.7966062323;1;1;1;0.2000000000;0.1097451791;-0.8915000000;0.1208619252;0.2599047720;0.5336353779;0.0696196184;0.0160283446;0.6933699101;0.0000000000;0.4019000000;0.0015198229;0.0010799016;0.0007400776;0.6544089317;0.3423012495;0.8853929759;0.3948002755
http://beingfrugal.net/why-tenants-need-to-buy-renters-insurance/;4.2500000000;0;0;0;0.0034642032;0.8267898383;0.0000000000;1.0000000000;0;1;0.0000000000;1.0000000000;0;1;0.0011668611;0.9766627771;0;1.0000000000;10.6809324401;57.5364271665;15.8395553022;13.7819293264;11.7130017104;10.5393253387;0.9282757410;857;0.9283333333;9;1.0000000000;40;1.0000000000;0.3722287048;0.0000000000;4.8494749125;0.2123687281;5.5555555556;0.3888888889;0;1.0000000000;20;7.9540000000;20;9.1000000000;9;3.1720000000;27;13.4750000000;18;10.4290000000;18;7.3420000000;12;6.3340000000;54;26.2400000000;0.8058983834;0;0;0;0.0000000000;0.1009121061;-0.9378000000;0.1729642600;0.5518135428;0.2683706880;0.0049227588;0.0019787494;0.6498189969;0.0000000000;0.0000000000;0.0006454801;0.7166433334;0.2827411294;0.0000100876;0.0000100001;0.9997815066;0.5833925610
https://web.archive.org/web/20160312163007/http://articles.economictimes.indiatimes.com/2012-06-18/news/32299421_1_urban-co-operative-bank-cosmos-bank-bhubaneswar;4.0000000000;0;0;0;0.0223048327;0.0000000000;0.0000000000;1.0000000000;0;1;0.0000000000;1.0000000000;0;1;0.0116279070;0.7674418605;0;1.0000000000;12.0855517241;54.9021206897;15.0377011494;12.4868329805;15.1519540230;12.4423105747;0.9304297944;258;0.0000000000;11;0.9333333333;10;0.2000000000;0.5775193798;0.1550387597;5.0658914729;0.2664728682;5.8181818182;0.4545454545;0;1.0000000000;3;0.7220000000;3;1.6480000000;0;0.0000000000;3;1.5150000000;3;1.8940000000;3;1.0060000000;1;0.2030000000;24;12.3590000000;0.8561561338;1;1;0;0.0000000000;-0.0250000000;0.5106000000;0.0923480690;0.4446998239;0.0977252200;0.3650196791;0.0002570975;0.9620649445;0.0000000000;0.0000000000;0.9979525208;0.0007481087;0.0005672970;0.0007719346;0.0000100943;0.6673457950;1.0000000000
https://web.archive.org/web/20130220002552/http://www.nlm.nih.gov/medlineplus/news/fullstory_131968.html;4.6666666667;1;1;1;0.0000000000;1.0000000000;0.0000000000;1.0000000000;1;0;0.0000000000;1.0000000000;0;1;0.0056497175;0.8870056497;0;1.0000000000;14.8801098901;42.4065567766;19.3860805861;15.8452325787;17.6877930403;13.1238027060;0.9976550391;354;0.0900000000;9;1.0000000000;12;0.2800000000;0.5000000000;0.0000000000;5.2768361582;0.3192090395;6.1111111111;0.5277777778;0;1.0000000000;1;0.5430000000;7;3.0850000000;0;0.0000000000;21;8.1120000000;7;2.1330000000;2;0.7510000000;0;0.0000000000;11;5.6160000000;0.8884848485;1;1;1;0.2000000000;0.1387987013;0.8336000000;0.0286972467;0.0827645659;0.2296115011;0.6133101583;0.0456665233;0.7528120767;-0.0500000000;0.0000000000;0.0001374043;0.0000430784;0.0529097207;0.9468760490;0.0000837521;0.9999262812;0.4891774892
https://web.archive.org/web/20150130014052/http://www.convergent-capital.com/en/About/;4.0000000000;0;0;0;0.0137931034;0.3103448276;0.0000000000;1.0000000000;0;1;0.0000000000;1.0000000000;0;1;0.0000000000;1.0000000000;0;1.0000000000;15.3995204795;21.0412587413;19.3602397602;16.0930734142;15.8914885115;16.5908492378;1.0000000000;143;0.0000000000;2;1.0000000000;7;0.0800000000;0.6643356643;0.3286713287;5.7552447552;0.4388111888;8.5000000000;1.0000000000;0;1.0000000000;0;0.0000000000;1;0.2890000000;0;0.0000000000;1;0.2030000000;0;0.0000000000;3;1.0310000000;0;0.0000000000;7;4.3520000000;0.9189655172;1;1;0;0.0000000000;0.1162500000;0.9246000000;0.0004246845;0.0194956977;0.1043128744;0.8321495652;0.0436673202;0.7022359984;0.0000000000;0.0000000000;0.5969865322;0.0000857028;0.4028124511;0.0000412215;0.0001241327;0.8009631117;1.0000000000
http://abcnews.go.com/Health/electronic-cigarettes-combat-addiction-report/story?id=18083882;4.8000000000;1;0;0;0.0065934066;0.6703296703;0.0000000000;1.0000000000;0;1;0.0000000000;1.0000000000;0;1;0.0022172949;0.9556541020;0;1.0000000000;11.0208253794;54.7666712304;14.9164867261;13.0711752754;12.3803072028;11.4774343757;0.9397349637;902;1.0000000000;8;1.0000000000;42;1.0000000000;0.4600886918;0.0000000000;4.9445676275;0.2361419069;6.5000000000;0.6250000000;0;1.0000000000;4;1.8800000000;13;6.3840000000;13;6.5390000000;15;5.0850000000;7;2.0880000000;26;10.5510000000;9;1.7810000000;34;19.1560000000;0.8824967033;1;1;0;0.0000000000;0.0604461687;-0.9598000000;0.0209737848;0.8206655383;0.1439361870;0.0138163939;0.0006581433;0.6862560240;0.0000000000;-0.5574000000;0.7943494916;0.1670418233;0.0386384316;0.0000100071;0.0000102935;0.6969467383;0.6521816225
https://web.archive.org/web/20100624114945/http://www.edc.uri.edu/projects/nutr_sci.html;5.0000000000;0;1;1;0.0000000000;1.0000000000;0.0000000000;1.0000000000;-10;1;0.0000000000;1.0000000000;-10;1;0.0033222591;0.9335548173;-10;1.0000000000;11.5405263158;53.9732995951;15.4064777328;13.3030988617;13.2545445344;11.6369073289;0.9458935296;301;0.0016666667;-10;0.0000000000;13;0.3200000000;0.6013289037;0.2026578073;4.9435215947;0.2358803987;-10.0000000000;0.0000000000;0;1.0000000000;5;1.5350000000;9;3.3600000000;5;1.7350000000;5;2.1730000000;6;3.1170000000;14;5.0850000000;3;1.4220000000;16;7.8750000000;0.8252358804;-10;1;0;0.0000000000;0.1483695652;-0.9153000000;0.0089911334;0.4850232005;0.0292639881;0.4661852717;0.0105864834;0.7166074611;-10.0000000000;-10.0000000000;-10.0000000000;-10.0000000000;-10.0000000000;-10.0000000000;-10.0000000000;0.0000000000;0.7898550725
http://eve-tushnet.blogspot.com/2004_02_01_eve-tushnet_archive.html;4.0000000000;1;0;0;0.0024096386;0.8795180723;0.0000000000;1.0000000000;0;1;0.0000000000;1.0000000000;0;1;0.0000000000;1.0000000000;0;1.0000000000;12.0302355072;54.8979619565;15.6640096618;13.1550480058;14.4317753623;11.6738416159;0.9405681269;413;0.1883333333;2;1.0000000000;16;0.4400000000;0.5665859564;0.1331719128;4.8861985472;0.2215496368;6.5000000000;0.6250000000;0;1.0000000000;15;8.7450000000;15;5.7620000000;8;4.3430000000;17;9.7780000000;9;4.7630000000;11;3.0110000000;1;0.6480000000;19;9.9670000000;0.7734120482;0;0;12;1.0000000000;0.1128667629;-0.9959000000;0.2811455131;0.6727806926;0.0381231271;0.0038206740;0.0041799955;0.5742914971;0.0000000000;0.0000000000;0.0000102091;0.9615070820;0.0296214763;0.0089012729;0.0000100000;0.9999932636;0.5784030784
http://smokingsides.com/docs/hist.html;4.0000000000;1;0;0;0.0150451354;0.2477432297;0.0502793296;0.7486033520;0;1;0.0167597765;0.6648044693;0;1;0.0020080321;0.9598393574;-10;1.0000000000;9.3996063069;57.5081703212;11.6230198898;10.8640686301;10.2027468483;11.4664799040;0.8571948429;5976;1.0000000000;6;1.0000000000;358;1.0000000000;0.3495649264;0.0000000000;4.9710508701;0.2427627175;6.3333333333;0.5833333333;2;0.3333333333;39;14.2420000000;112;49.7230000000;26;11.1240000000;48;19.7670000000;31;16.2720000000;135;52.6340000000;48;14.9470000000;190;94.4910000000;0.9086593113;1;1;2;0.4000000000;0.1235247596;0.9996000000;0.0106275836;0.7679811120;0.0167373717;0.1910111457;0.0136928409;0.6588265252;0.0000000000;0.0000000000;0.0000321532;0.9999068975;0.0000117986;0.0000889658;0.0000102116;0.9999858784;0.8043730167
http://www.tmz.com/2012/12/20/carrie-ann-inaba-president-barack-obama-hawaii-high-school/;4.0000000000;1;0;0;0.0228571429;0.0000000000;0.0000000000;1.0000000000;0;1;0.1250000000;0.0000000000;1;0;0.0242424242;0.5151515152;0;1.0000000000;8.0252325581;75.8194767442;10.6930232558;8.8094750193;10.5697674419;9.3507433023;0.7156338386;165;0.0000000000;10;1.0000000000;8;0.1200000000;0.8000000000;0.6000000000;4.7696969697;0.1924242424;4.6000000000;0.1500000000;0;1.0000000000;2;0.0560000000;7;3.4300000000;3;0.6570000000;0;0.0000000000;2;0.6450000000;10;5.3010000000;2;0.5780000000;16;7.4050000000;0.7934628571;0;0;0;0.0000000000;0.2178431373;0.9726000000;0.5040543675;0.2108650506;0.2096171379;0.0298540425;0.0456594154;0.5016954057;0.2000000000;0.0000000000;0.9600259662;0.0060025118;0.0339585841;0.0000100272;0.0000529553;0.6799736928;0.5718137255
http://www.earthsave.org/lifestyle/vegcooking.htm;4.6666666667;0;1;1;0.0266666667;0.0000000000;0.0000000000;1.0000000000;0;1;0.0169491525;0.6610169492;0;1;0.0000000000;1.0000000000;0;1.0000000000;8.5578754963;62.9593424988;10.9038568505;10.3068345067;10.1714619300;11.5967125036;0.8144286797;968;1.0000000000;7;1.0000000000;59;1.0000000000;0.5144628099;0.0289256198;4.9669421488;0.2417355372;7.2857142857;0.8214285714;0;1.0000000000;4;2.2240000000;22;11.3990000000;3;0.5160000000;2;0.5310000000;5;1.4140000000;46;21.0510000000;10;5.7350000000;39;18.8520000000;0.8733907692;1;1;0;0.0000000000;0.2064817938;0.9990000000;0.0025123458;0.0530154109;0.1013210937;0.8118304014;0.0313708335;0.6560389402;0.0000000000;0.0000000000;0.9337046742;0.0655874312;0.0000558407;0.0000190911;0.0006829557;0.6885374567;0.6575506925
http://www.lovehkfilm.com/support.htm;3.3333333333;0;0;0;0.0055944056;0.7202797203;0.0434782609;0.7826086957;0;1;0.0434782609;0.1304347826;0;1;0.0056100982;0.8877980365;0;1.0000000000;6.4689665644;76.6776984485;10.8236093571;10.3128832118;8.1090276024;9.3819473804;0.6712984174;713;0.6883333333;2;1.0000000000;46;1.0000000000;0.5007012623;0.0014025245;4.6844319776;0.1711079944;6.5000000000;0.6250000000;0;1.0000000000;4;0.7380000000;23;11.2890000000;2;0.3670000000;6;1.3280000000;3;0.6250000000;25;11.9080000000;7;2.6000000000;38;19.2730000000;0.8653762238;0;0;2;0.4000000000;0.2088953444;0.9993000000;0.0068336320;0.3472795188;0.1720917374;0.4510549307;0.0227901321;0.6572587453;0.0000000000;0.0000000000;0.0000100000;0.0000100000;0.0000100000;1.0000100136;0.0000100000;0.9999933333;0.5282556138
https://equinevetin.blogspot.com/search?updated-max=2008-09-11T08:14:00-07:00&max-results=7&start=14&by-date=false;3.0000000000;1;0;0;0.0214541120;0.0000000000;0.0000000000;1.0000000000;0;1;0.0000000000;1.0000000000;0;1;0.0000000000;1.0000000000;0;1.0000000000;12.4975000000;63.0051923077;16.7802197802;12.6675507995;14.7385425824;8.2692660768;0.8606454724;1677;1.0000000000;1;1.0000000000;52;1.0000000000;0.3357185450;0.0000000000;4.2605843769;0.0651460942;14.0000000000;1.0000000000;4;0.0000000000;16;5.5910000000;37;19.1680000000;17;8.3820000000;31;12.4630000000;26;13.4260000000;41;18.0280000000;21;6.6630000000;60;30.2290000000;0.8641835518;0;0;0;0.0000000000;0.1295943393;0.8361000000;0.1334918290;0.6694651246;0.1803612709;0.0088641653;0.0078676045;0.7288135222;0.0000000000;0.0000000000;0.6305651665;0.3693992794;0.0000100218;0.0000640435;0.0000114943;0.7898077797;0.5922281991
https://web.archive.org/web/20170216045659/http://www.ofspirit.com/brucefife1.htm;3.8750000000;0;0;0;0.0092741935;0.5362903226;0.0256410256;0.8717948718;0;1;0.0000000000;1.0000000000;0;1;0.0004046945;0.9919061109;0;1.0000000000;8.9438141933;59.1750558467;13.5872852447;12.2819096178;9.6672727508;11.2589014533;0.8565998935;2471;1.0000000000;9;1.0000000000;156;1.0000000000;0.3273978146;0.0000000000;4.9243221368;0.2310805342;3.8888888889;0.0000000000;0;1.0000000000;40;20.3090000000;53;25.4170000000;94;57.3900000000;85;46.4610000000;90;38.2970000000;96;40.9090000000;27;12.9540000000;106;54.0230000000;0.7614838710;1;1;3;0.6000000000;0.1370477068;0.9979000000;0.0044034859;0.6971304417;0.1061239168;0.1878515631;0.0045405300;0.6650853280;0.0000000000;0.5859000000;0.0000100004;0.0065049119;0.0017925053;0.9917322993;0.0000101965;0.9427266010;0.4611456592
https://web.archive.org/web/20150720190415/http://www.richard-gale.com/bio.html;3.5000000000;0;0;0;0.0121654501;0.3917274939;0.0000000000;1.0000000000;0;1;0.0000000000;1.0000000000;0;1;0.0000000000;1.0000000000;0;1.0000000000;11.2378614755;58.1822513754;13.2650021160;10.9705339699;14.0797418536;12.0115451559;0.8965217980;408;0.1800000000;3;1.0000000000;17;0.4800000000;0.5710784314;0.1421568627;5.0686274510;0.2671568627;5.3333333333;0.3333333333;0;1.0000000000;11;7.8690000000;19;10.5920000000;9;6.1300000000;16;11.8010000000;16;9.3360000000;20;10.1140000000;17;6.9080000000;9;4.1940000000;0.6742384428;1;1;12;1.0000000000;0.1617021277;-0.8409000000;0.3637868762;0.0938174129;0.0009362638;0.0234759878;0.5180335045;0.4787932064;0.0000000000;0.0000000000;0.0000539859;0.0000100163;0.0000100000;0.0000100001;0.9999660254;0.6666599963;0.6551418440
http://www.erowid.org/chemicals/mdma/references/mdma_research_summaries.shtml;3.6000000000;0;1;1;0.0162085976;0.1895701198;0.0000000000;1.0000000000;0;1;0.0000000000;1.0000000000;0;1;0.0014144272;0.9717114569;0;1.0000000000;12.3115064332;54.7138720652;16.7086435366;13.9544511501;15.6392568868;12.5827672688;0.9532939287;1414;1.0000000000;5;1.0000000000;52;1.0000000000;0.3797736917;0.0000000000;4.9504950495;0.2376237624;6.4000000000;0.6000000000;0;1.0000000000;9;3.9110000000;30;19.1780000000;3;1.1710000000;24;8.9000000000;17;5.7810000000;42;20.4980000000;1;0.3830000000;36;17.8170000000;0.8905722340;1;1;0;0.0000000000;0.0193615908;0.9651000000;0.0439058952;0.2542070448;0.6881268620;0.0120871346;0.0017230688;0.6747236787;0.0000000000;0.0000000000;0.0000100001;0.0007316644;0.0000100003;0.9992745519;0.0000238362;0.9999887212;0.7417179890
https://web.archive.org/web/20130118224639/http://articles.timesofindia.indiatimes.com/2013-01-02/computing/36110957_1_electronic-cigarettes-traditional-cigarettes-regular-cigarettes;3.8888888889;0;0;0;0.0178041543;0.1097922849;0.0000000000;1.0000000000;0;1;0.0000000000;1.0000000000;0;1;0.0090361446;0.8192771084;0;1.0000000000;12.2346801706;49.9654104478;16.6162046908;14.2440460435;13.9718081023;12.2215533045;0.9733946370;332;0.0533333333;5;1.0000000000;14;0.3600000000;0.5993975904;0.1987951807;5.0391566265;0.2597891566;10.4000000000;1.0000000000;0;1.0000000000;3;1.4000000000;7;3.1100000000;5;2.6100000000;2;1.5310000000;4;1.9310000000;6;3.1230000000;3;1.2740000000;8;4.2030000000;0.8861602374;0;0;0;0.0000000000;0.0566683317;0.2500000000;0.0119259162;0.9681128263;0.0188919231;0.0009198306;0.0001995076;0.9959581921;0.0000000000;0.0000000000;0.0062541259;0.5115140080;0.4345652759;0.0469709411;0.0007456666;0.9976667358;0.7697246664
https://web.archive.org/web/20131115082533/http://nrelscience.org/2012/11/30/first-annual-ecopress-haiku-contest-can-you-distill-your-research-down-to-three-lines/;5.0000000000;1;1;1;0.0258302583;0.0000000000;0.1111111111;0.4444444444;1;0;0.3333333333;0.0000000000;1;0;0.0000000000;1.0000000000;0;1.0000000000;12.0725490196;58.9731372549;14.4705882353;11.1649658093;15.7694901961;11.9085633608;0.8968314487;253;0.0000000000;18;0.4666666667;9;0.1600000000;0.8418972332;0.6837944664;4.9367588933;0.2341897233;5.2777777778;0.3194444444;1;0.6666666667;6;2.8960000000;15;7.1080000000;9;3.8260000000;13;5.2730000000;15;5.7720000000;14;5.0640000000;6;2.0860000000;14;6.4540000000;0.7160221402;1;1;0;0.0000000000;0.1304790328;0.6881000000;0.0730508491;0.5375123620;0.3320054412;0.0563720800;0.0011092937;0.8498799524;0.0277777778;0.0000000000;0.0105937095;0.0004220716;0.9886094332;0.0004132451;0.0000116955;0.9964648650;0.6475933578
https://web.archive.org/web/20160730230514/http://www.dummies.com/how-to/content/analyzing-the-consequences-of-the-great-depression.html;4.0000000000;0;0;0;0.0012391574;0.9380421314;0.0000000000;1.0000000000;0;1;0.0000000000;1.0000000000;0;1;0.0000000000;1.0000000000;0;1.0000000000;7.9781627637;71.1779544074;11.7102507456;10.7018297708;9.8583966641;10.0019038530;0.7631059002;800;0.8333333333;7;1.0000000000;44;1.0000000000;0.5137500000;0.0275000000;4.8275000000;0.2068750000;6.2857142857;0.5714285714;0;1.0000000000;4;1.3060000000;15;6.9310000000;8;2.8140000000;22;9.8510000000;26;14.3340000000;22;7.2390000000;9;2.3890000000;29;13.4990000000;0.8553581165;0;0;0;0.0000000000;0.1105732066;-0.9944000000;0.1329207420;0.7169728875;0.1435295045;0.0061168890;0.0005099518;0.6259231021;0.8000000000;0.1027000000;0.0014066403;0.9969090223;0.0007850489;0.0009360027;0.0000132912;0.7995266895;0.7769102591
https://web.archive.org/web/20200925095453/http://tbilaw.com/blog/man-gets-7-12-years-for-shaking-baby-causing-brain-trauma/;4.0000000000;1;0;0;0.0000000000;1.0000000000;0.0000000000;1.0000000000;0;1;0.0000000000;1.0000000000;0;1;0.0000000000;1.0000000000;0;1.0000000000;8.5214644550;71.5493056872;13.1793364929;11.6602540378;11.0851184834;10.2176821801;0.8080676983;207;0.0000000000;12;0.8666666667;10;0.2000000000;0.7053140097;0.4106280193;4.7729468599;0.1932367150;3.9166666667;0.0000000000;0;1.0000000000;6;2.9760000000;5;2.2420000000;2;0.8670000000;13;6.8150000000;5;2.4520000000;5;2.4140000000;3;1.6020000000;7;3.6400000000;0.7898812785;0;0;1;0.2000000000;-0.0778138528;-0.9732000000;0.0594021678;0.5528095365;0.3845043182;0.0024407927;0.0008931332;0.6644348997;0.0000000000;-0.5423000000;0.0000100550;0.0000110817;0.8267925978;0.1724410355;0.0007952412;0.9715315680;0.4899891775
http://www.slogold.net/ship_registration_offshore_services.html;3.0000000000;0;0;0;0.0055401662;0.7229916898;0.0000000000;1.0000000000;0;1;0.0000000000;1.0000000000;0;1;0.0000000000;1.0000000000;0;1.0000000000;22.9688531187;20.7149295775;28.2857142857;20.4437872690;27.7292273642;13.3297360958;1.0000000000;355;0.0916666667;6;1.0000000000;7;0.0800000000;0.5492957746;0.0985915493;5.0563380282;0.2640845070;7.1666666667;0.7916666667;0;1.0000000000;1;0.1020000000;17;7.4460000000;1;0.5160000000;2;0.3750000000;1;0.2280000000;8;3.8210000000;0;0.0000000000;23;12.4950000000;0.8615900277;1;1;0;0.0000000000;0.2200593074;0.9831000000;0.0947960690;0.3626601398;0.5174980164;0.0177227855;0.0073730485;0.6438769609;0.0000000000;0.0000000000;0.0006815977;0.0000121568;0.9983572960;0.0001658978;0.0008331191;0.9994950944;0.7892716450
https://web.archive.org/web/20160320204530/http://articles.chicagotribune.com/2011-12-12/health/ct-met-nccam-tact-trial-20111212_1_chelation-clinical-trials-study-drug;4.5714285714;0;0;0;0.0074906367;0.6254681648;0.0263157895;0.8684210526;0;1;0.0000000000;1.0000000000;0;1;0.0025510204;0.9489795918;0;1.0000000000;11.7854516043;47.5482274365;15.4028550464;13.5131496608;13.4149249550;13.3136608390;0.9623204494;784;0.8066666667;17;0.5333333333;38;1.0000000000;0.5267857143;0.0535714286;5.2410714286;0.3102678571;5.5294117647;0.3823529412;0;1.0000000000;13;5.0920000000;16;7.3990000000;9;4.7130000000;26;11.7600000000;13;6.6730000000;23;9.3740000000;6;1.7180000000;46;24.2510000000;0.8227715356;1;1;0;0.0000000000;-0.0271536797;-0.9471000000;0.0368506014;0.8781818151;0.0744125471;0.0091552082;0.0014498676;0.6891665103;0.0000000000;0.3612000000;0.0000100210;1.0000063181;0.0000104252;0.0000132454;0.0000100000;0.9999933263;0.7382575758
https://web.archive.org/web/20170303144020/http://www.hometownquotes.com/auto/when-to-change-auto-insurance-policies.html;4.0000000000;0;0;0;0.0094936709;0.5253164557;0.0625000000;0.6875000000;0;1;0.2500000000;0.0000000000;0;1;0.0000000000;1.0000000000;0;1.0000000000;9.1855128205;63.9386538462;14.2102564103;12.6824583655;9.7565384615;9.4427599103;0.8263522247;308;0.0133333333;8;1.0000000000;16;0.4400000000;0.5259740260;0.0519480519;4.6233766234;0.1558441558;5.8750000000;0.4687500000;0;1.0000000000;3;1.0420000000;9;4.5710000000;0;0.0000000000;9;3.3960000000;6;2.4850000000;5;1.5350000000;3;1.7030000000;14;7.0470000000;0.8621582278;1;1;0;0.0000000000;0.0569843169;0.3842000000;0.0086460654;0.6056587696;0.1059879065;0.2789016664;0.0008555655;0.9968327897;0.0000000000;0.0000000000;0.0160561875;0.9628694654;0.0211040471;0.0000103744;0.0000100097;0.9946446009;0.6378256247
https://web.archive.org/web/20141020133117/http://www.ncbi.nlm.nih.gov/pubmed/21961824;4.2000000000;0;1;1;0.0493827160;0.0000000000;0.0000000000;1.0000000000;0;1;0.0000000000;1.0000000000;0;1;0.0000000000;1.0000000000;0;1.0000000000;13.9646274834;28.5616432119;18.9407284768;15.6984250992;15.4876986755;16.9372787219;0.9954306833;151;0.0000000000;11;0.9333333333;8;0.1200000000;0.7086092715;0.4172185430;5.8410596026;0.4602649007;5.0000000000;0.2500000000;0;1.0000000000;4;1.6350000000;6;3.2730000000;3;1.5540000000;8;4.1970000000;4;2.7120000000;8;2.6930000000;1;0.5780000000;7;3.6010000000;0.7500864198;1;1;0;0.0000000000;0.0452380952;0.7906000000;0.1807303727;0.0767395720;0.4694886804;0.0557567701;0.2173344791;0.6735783827;0.0000000000;0.0000000000;0.0228264146;0.9766296744;0.0004440843;0.0000126990;0.0001370772;0.9923455027;0.4702380952
http://www.goodreturns.in/personal-finance/insurance/2013/01/importance-discussing-claim-process-with-your-nominee-157528.html;4.5000000000;1;0;0;0.0000000000;1.0000000000;0.0370370370;0.8148148148;0;1;0.0000000000;1.0000000000;0;1;0.0020408163;0.9591836735;0;1.0000000000;7.8203484951;71.3843690126;12.8952553368;11.7559503577;8.8815742627;9.0614645377;0.7438047758;490;0.3166666667;10;1.0000000000;27;0.8800000000;0.4653061224;0.0000000000;4.5163265306;0.1290816327;5.5000000000;0.3750000000;0;1.0000000000;7;2.6880000000;15;7.4600000000;5;2.8350000000;16;7.2230000000;14;9.2640000000;14;5.4790000000;13;6.2890000000;18;8.8830000000;0.7995160000;1;1;2;0.4000000000;0.0963963964;0.9322000000;0.0165785421;0.4024573863;0.5566406250;0.0235738885;0.0007996208;0.7060739457;0.0000000000;0.3612000000;0.0000176034;0.0276843477;0.9701951742;0.0021211982;0.0000316761;0.9999835735;0.4959942085
https://web.archive.org/web/20130527225338/http://www.vattenfall.com/en/greenhouse-effect.htm;3.8571428571;0;0;0;0.0074626866;0.6268656716;0.0000000000;1.0000000000;0;1;0.0000000000;1.0000000000;0;1;0.0000000000;1.0000000000;0;1.0000000000;13.7225925926;50.1116666667;19.2592592593;15.7801930085;16.7362222222;12.1331093630;0.9962973688;266;0.0000000000;2;1.0000000000;9;0.1600000000;0.5413533835;0.0827067669;5.0075187970;0.2518796992;8.0000000000;1.0000000000;0;1.0000000000;1;0.5590000000;5;1.9980000000;1;0.5160000000;6;3.3920000000;1;0.5000000000;7;2.7870000000;0;0.0000000000;9;4.2030000000;0.8958582090;1;1;0;0.0000000000;0.0947206439;0.9688000000;0.3150252998;0.0191240460;0.6621426940;0.0004909081;0.0032670388;0.5813692205;0.0000000000;0.0000000000;0.3806815147;0.2270716727;0.3922767937;0.0000100000;0.0000100002;0.8731028283;0.6724668561
https://web.archive.org/web/20170308123813/http://www.centerforautism.com/research.aspx;4.5000000000;0;0;0;0.0093847758;0.5307612096;0.0000000000;1.0000000000;0;1;0.0000000000;1.0000000000;0;1;0.0020986359;0.9580272823;0;1.0000000000;16.4069044503;19.9572676702;20.6913612565;17.1244468918;17.8255000000;17.0630739990;1.0000000000;953;1.0000000000;6;1.0000000000;40;1.0000000000;0.4637985310;0.0000000000;5.8163693599;0.4540923400;5.6666666667;0.4166666667;0;1.0000000000;10;3.7130000000;24;11.4770000000;3;0.8280000000;20;6.1400000000;9;3.0810000000;31;12.3110000000;14;4.5030000000;61;28.0410000000;0.8538185610;0;0;8;1.0000000000;0.0975244901;0.9917000000;0.0086693252;0.3114685416;0.0719466284;0.5272430778;0.0807224959;0.6424027263;-0.0500000000;0.0000000000;0.0000127871;0.9528660178;0.0471480265;0.0000131875;0.0000100011;0.9999924040;0.5189484055
http://www.laissez-fairerepublic.com/fund1122.htm;4.5000000000;0;0;0;0.0014625229;0.9268738574;0.0322580645;0.8387096774;0;1;0.0000000000;1.0000000000;0;1;0.0003661662;0.9926766752;0;1.0000000000;11.4859944303;52.6450382919;14.7519145974;12.8619503404;12.7926018798;11.6082583788;0.9436369987;2731;1.0000000000;4;1.0000000000;124;1.0000000000;0.2248260710;0.0000000000;4.9956060051;0.2489015013;6.0000000000;0.5000000000;4;0.0000000000;62;23.5730000000;67;35.1890000000;24;10.2220000000;116;46.1070000000;54;17.9360000000;54;20.5520000000;19;3.5010000000;146;73.5920000000;0.8313184644;1;1;0;0.0000000000;0.0612988653;0.5035000000;0.0175509881;0.6503419876;0.3143134713;0.0176617652;0.0001818318;0.9917557267;0.0000000000;0.0000000000;0.0000100181;0.5494716763;0.0002582842;0.4502998590;0.0000101469;0.9999932783;0.8495394284
https://web.archive.org/web/20120120142722/http://www.thefundsupermarket.co.uk/Investment_bonds.htm;4.5000000000;0;0;0;0.0107270560;0.4636471990;0.0000000000;1.0000000000;0;1;0.0000000000;1.0000000000;0;1;0.0000000000;1.0000000000;0;1.0000000000;10.5828440732;60.6491056749;15.5163617078;13.4083299973;11.6062277910;9.6400679296;0.8956171205;837;0.8950000000;2;1.0000000000;36;1.0000000000;0.3847072879;0.0000000000;4.5495818399;0.1373954600;7.5000000000;0.8750000000;0;1.0000000000;9;2.6440000000;30;15.8080000000;1;0.2970000000;19;5.5940000000;43;7.1010000000;33;13.8130000000;3;0.6950000000;41;20.5380000000;0.8415017878;1;1;0;0.0000000000;0.1038883735;0.9976000000;0.1722858697;0.5658109188;0.1808812171;0.0767837167;0.0042882743;0.6094086187;0.0000000000;0.0000000000;0.2901335657;0.7098816037;0.0000148365;0.0000100000;0.0000100000;0.9032854781;0.6885546002
https://web.archive.org/web/20161219020718/http://www.cambridgeveins.co.uk/venousulcers.html;3.5000000000;0;0;0;0.0150862069;0.2456896552;0.0000000000;1.0000000000;0;1;0.0000000000;1.0000000000;0;1;0.0064935065;0.8701298701;0;1.0000000000;6.0863813843;76.3078183133;9.8395056859;9.6742381247;7.2555860120;9.1719146204;0.6223521904;462;0.2700000000;2;1.0000000000;33;1.0000000000;0.4978354978;0.0000000000;4.5952380952;0.1488095238;6.0000000000;0.5000000000;0;1.0000000000;17;5.7570000000;9;4.9450000000;17;9.8150000000;36;16.9590000000;27;9.5520000000;15;4.5600000000;2;0.8430000000;20;10.7640000000;0.7276077586;0;0;0;0.0000000000;-0.0310199485;-0.9702000000;0.0634953454;0.3039689064;0.4640522301;0.1640558988;0.0044777007;0.6638756513;0.0000000000;0.0000000000;0.0000100001;0.0000100000;1.0000100136;0.0000100000;0.0000100000;0.9999933333;0.6306628057
https://web.archive.org/web/20130129074626/https://www.ccnow.com/merchantGallery.html;3.5000000000;0;0;0;0.0067114094;0.6644295302;0.0400000000;0.8000000000;0;1;0.0400000000;0.2000000000;0;1;0.0248306998;0.5033860045;0;1.0000000000;8.8511929360;63.8776370861;12.5460132450;11.4852813742;11.6790728477;12.5886294724;0.8495229310;443;0.2383333333;4;1.0000000000;25;0.8000000000;0.6094808126;0.2189616253;5.2686230248;0.3171557562;5.5000000000;0.3750000000;1;0.6666666667;8;1.9110000000;14;7.6310000000;3;1.7190000000;4;1.6240000000;1;0.0160000000;23;11.3070000000;6;1.9910000000;33;17.8300000000;0.8030022371;1;1;3;0.6000000000;0.3430041486;0.9932000000;0.0003631432;0.0263895020;0.0117090251;0.8652893305;0.0962990373;0.6389792732;0.0000000000;0.0000000000;0.0000152411;0.9993801713;0.0006345687;0.0000100000;0.0000100000;0.9999915863;0.3582326239
https://web.archive.org/web/20160317001008if_/http://www.selfhelpmagazine.com/can-repressed-memories-be-recovered#sthash.DWeq2H7H.dpbs;4.3333333333;0;1;1;0.0060606061;0.6969696970;0.0263157895;0.8684210526;1;0;0.0000000000;1.0000000000;0;1;0.0000000000;1.0000000000;0;1.0000000000;12.3330451128;37.8102443609;15.9624060150;13.8458092804;13.2568721805;14.8874632511;0.9673607467;654;0.5900000000;6;1.0000000000;38;1.0000000000;0.5565749235;0.1131498471;5.6253822630;0.4063455657;6.0000000000;0.5000000000;0;1.0000000000;19;10.5270000000;11;5.3190000000;9;5.1790000000;30;17.1070000000;43;15.1920000000;17;7.1450000000;3;1.3980000000;31;15.3820000000;0.7659121212;0;0;3;0.6000000000;0.1079339279;-0.9983000000;0.3114546239;0.2964784503;0.3404662013;0.0181388818;0.0335118175;0.5528111862;0.2000000000;-0.3182000000;0.1348078549;0.0002753520;0.8649467826;0.0000100000;0.0000100000;0.9550607150;0.6013178804
https://web.archive.org/web/20141012040950/http://www.ncat.edu/divisions/advancement/alumni-affairs/news/rhodes.html;4.0000000000;0;1;1;0.0060422961;0.6978851964;0.0000000000;1.0000000000;0;1;0.0000000000;1.0000000000;0;1;0.0154798762;0.6904024768;0;1.0000000000;16.7086726157;28.0553179030;16.7625209147;13.4446593573;20.3478750697;16.8566864479;0.9612827175;323;0.0383333333;8;1.0000000000;11;0.2400000000;0.5882352941;0.1764705882;5.7925696594;0.4481424149;5.8750000000;0.4687500000;0;1.0000000000;4;2.6840000000;11;6.1270000000;1;0.5780000000;4;3.0080000000;6;2.5920000000;8;5.1700000000;8;3.1280000000;23;12.6290000000;0.7829848943;1;1;0;0.0000000000;0.0267543860;0.9687000000;0.0159921795;0.0790079460;0.0209172312;0.1841462404;0.6999864578;0.4488737876;0.1666666667;0.8020000000;0.0000100001;0.0000217580;0.0000195792;0.9964056611;0.0035929445;0.7974656852;1.0000000000
https://web.archive.org/web/20130216044124/http://www.nimh.nih.gov/health/publications/depression/how-is-depression-diagnosed-and-treated.shtml;4.8333333333;0;1;1;0.0081521739;0.5923913043;0.1239669421;0.3801652893;1;0;0.0000000000;1.0000000000;0;1;0.0004543389;0.9909132213;0;1.0000000000;11.3295722254;46.4398199728;15.7557226275;13.7603496210;13.0739625394;14.2305832424;0.9660659033;2201;1.0000000000;7;1.0000000000;121;1.0000000000;0.3539300318;0.0000000000;5.4261699228;0.3565424807;5.4285714286;0.3571428571;0;1.0000000000;28;11.0470000000;41;19.8110000000;20;7.2760000000;162;65.6390000000;91;63.9700000000;51;20.8890000000;19;6.6790000000;66;33.3740000000;0.7928577899;0;0;1;0.2000000000;0.0928089288;-0.9997000000;0.0960905105;0.3803665042;0.4902532697;0.0311722457;0.0021674107;0.6341140263;0.0000000000;-0.5719000000;0.0000111936;1.0000078678;0.0000109491;0.0000100001;0.0000100000;0.9520596021;0.5356632901
https://web.archive.org/web/20140805160954/http://klmtrade.com/?ref=goldpoll;5.0000000000;0;0;0;0.0088235294;0.5588235294;0.0555555556;0.7222222222;0;1;0.0000000000;1.0000000000;0;1;0.0000000000;1.0000000000;0;1.0000000000;11.6653244838;44.9722640118;15.4389380531;13.5672449894;13.0927728614;13.9700506224;0.9631400756;338;0.0633333333;2;1.0000000000;18;0.5200000000;0.5828402367;0.1656804734;5.3491124260;0.3372781065;4.0000000000;0.0000000000;0;1.0000000000;2;0.1760000000;8;4.4120000000;0;0.0000000000;1;0.2360000000;1;0.1000000000;14;5.9670000000;3;0.7890000000;34;19.2530000000;0.8180411765;1;1;0;0.0000000000;0.2707706767;0.9967000000;0.0404011942;0.1168149635;0.4646025002;0.2068457752;0.1713855118;0.5982710980;0.0000000000;0.0000000000;0.0000100000;0.9999902248;0.0000255854;0.0000141175;0.0000100000;0.9999933333;0.6520989975
http://mikegrost.com/herbier.htm;4.5000000000;1;0;0;0.0091420534;0.5428973277;0.0000000000;1.0000000000;0;1;0.0000000000;1.0000000000;0;1;0.0000000000;1.0000000000;0;1.0000000000;7.0305078692;72.3315675113;10.6441195074;10.1842120811;8.0537099379;9.4033138699;0.6896376293;1417;1.0000000000;5;1.0000000000;93;1.0000000000;0.4163726182;0.0000000000;4.7233592096;0.1808398024;5.0000000000;0.2500000000;0;1.0000000000;16;8.1580000000;27;14.0670000000;12;5.4060000000;18;9.5520000000;15;7.0000000000;48;24.1010000000;20;9.6370000000;47;26.3930000000;0.8532855134;1;1;0;0.0000000000;0.0492033430;0.9978000000;0.0682470500;0.7820719481;0.0385659747;0.0881087035;0.0230563451;0.6376988683;0.0000000000;0.0000000000;0.0000100272;0.0263322089;0.0000100266;0.9736862183;0.0000115744;0.9999927995;0.6886595307
https://web.archive.org/web/20130604025027/http://mohtruth.tblog.com/post/267443;2.5000000000;0;0;0;0.0272727273;0.0000000000;0.0000000000;1.0000000000;0;1;0.2000000000;0.0000000000;0;1;0.0283018868;0.4339622642;0;1.0000000000;5.3995315315;95.8911891892;12.1232432432;10.3484692283;9.0616216216;7.0744708378;0.5703271818;106;0.0000000000;4;1.0000000000;5;0.0000000000;0.7452830189;0.4905660377;4.3584905660;0.0896226415;3.0000000000;0.0000000000;0;1.0000000000;2;0.9910000000;3;1.4990000000;1;0.3910000000;3;1.6550000000;1;0.4220000000;2;0.8330000000;0;0.0000000000;4;1.8280000000;0.8614727273;0;0;1;0.2000000000;0.3950000000;0.9670000000;0.0088213542;0.9766725302;0.0038249430;0.0106289769;0.0001022482;0.6856921325;0.0000000000;0.0000000000;0.0000100000;0.0000100797;1.0000096560;0.0000102385;0.0000100000;0.9999933333;0.3916666667
https://web.archive.org/web/20150222145633/http://www.cirquelodge.com/Video/StudioTour-Welcome.php;4.5000000000;0;0;0;0.0041608877;0.7919556172;0.0000000000;1.0000000000;0;1;0.0000000000;1.0000000000;0;1;0.0000000000;1.0000000000;0;1.0000000000;8.9507070707;60.0359090909;12.8232323232;11.7775540184;9.3925265152;10.6552015431;0.8358777676;716;0.6933333333;5;1.0000000000;44;1.0000000000;0.4650837989;0.0000000000;4.8393854749;0.2098463687;5.6000000000;0.4000000000;0;1.0000000000;7;2.8950000000;26;13.3340000000;7;3.8580000000;13;5.8590000000;13;6.2780000000;51;20.8700000000;8;2.7660000000;38;19.8120000000;0.7900915395;0;0;0;0.0000000000;0.2713981925;0.9972000000;0.0198822767;0.0617018193;0.0452720001;0.7942323685;0.0789614916;0.6355854106;0.0000000000;0.0000000000;0.2879527211;0.7081416845;0.0039353743;0.0000102615;0.0000100020;0.9040124256;0.4778708134
https://paleoeater.blogspot.com/2007/11/into-normal-range.html;4.3333333333;1;0;0;0.0035842294;0.8207885305;0.1333333333;0.3333333333;0;1;0.3333333333;0.0000000000;1;0;0.0000000000;1.0000000000;0;1.0000000000;8.4011176471;67.1281960784;11.9592156863;11.0000000000;9.1779901961;9.4592160147;0.7677871683;270;0.0000000000;9;1.0000000000;15;0.4000000000;0.6111111111;0.2222222222;4.6148148148;0.1537037037;3.3333333333;0.0000000000;0;1.0000000000;9;3.6860000000;5;2.6950000000;8;4.8690000000;14;7.6500000000;8;5.0980000000;7;1.9050000000;3;1.2650000000;9;5.1490000000;0.7683369176;0;0;0;0.0000000000;-0.0077030812;-0.8758000000;0.1041161418;0.5685238242;0.2400752157;0.0789243355;0.0084105786;0.7119577599;0.5416666667;0.6166000000;0.0000100153;0.0000178807;0.9307452440;0.0690357536;0.0002411150;0.8944051788;0.5284488796
https://web.archive.org/web/20130503100625/http://www.optom.unsw.edu.au/research/rokresearch.html;4.3333333333;1;1;1;0.0021739130;0.8913043478;0.0967741935;0.5161290323;0;1;0.0000000000;1.0000000000;0;1;0.0010940919;0.9781181619;0;1.0000000000;15.4290597868;36.9578862850;19.7147737700;16.2348513525;18.0213993788;14.0423906007;1.0000000000;914;1.0000000000;6;1.0000000000;31;1.0000000000;0.4091903720;0.0000000000;5.2461706783;0.3115426696;5.5000000000;0.3750000000;0;1.0000000000;12;3.7890000000;24;12.4310000000;5;2.8200000000;15;7.4930000000;19;6.8270000000;15;5.5220000000;6;2.7890000000;55;24.4200000000;0.8563239130;0;0;0;0.0000000000;0.2060072362;0.9988000000;0.0075512794;0.0727258474;0.3889656663;0.5138480663;0.0169591196;0.6592965337;0.0000000000;0.2500000000;0.9998006225;0.0002073244;0.0000100000;0.0000100003;0.0000221188;0.6667257529;0.5600840336
http://www.cocaine.org/sherlockholmes/index.html;4.0000000000;0;1;1;0.0341463415;0.0000000000;0.2857142857;0.0000000000;0;1;0.0000000000;1.0000000000;0;1;0.0199004975;0.6019900498;0;1.0000000000;10.0345827440;74.5172772277;14.3151343706;10.7459666924;14.9630268741;10.5937934356;0.8158087803;201;0.0000000000;4;1.0000000000;7;0.0800000000;0.7263681592;0.4527363184;4.6915422886;0.1728855721;6.0000000000;0.5000000000;0;1.0000000000;2;0.8940000000;5;2.5860000000;2;0.9220000000;5;1.7820000000;10;2.5510000000;10;4.8630000000;1;0.2190000000;8;4.5850000000;0.8204682927;0;0;8;1.0000000000;0.2812500000;0.9146000000;0.0051547801;0.8326244354;0.0711934641;0.0750385821;0.0160387568;0.7165354877;0.0000000000;0.0000000000;0.0000100000;1.0000073910;0.0000100000;0.0000125908;0.0000100000;0.9999933333;0.6927083333
http://www.thesmokinggun.com/documents/michael-jackson-medical-records-481239;4.6666666667;0;0;0;0.0019157088;0.9042145594;0.0000000000;1.0000000000;0;1;0.0000000000;1.0000000000;0;1;0.0038834951;0.9223300971;0;1.0000000000;11.7331653920;57.5176065966;16.1196558317;13.5356537529;14.7267017208;11.8823939216;0.9376027318;515;0.3583333333;7;1.0000000000;20;0.6000000000;0.5495145631;0.0990291262;4.9941747573;0.2485436893;5.7142857143;0.4285714286;0;1.0000000000;7;3.4630000000;19;8.6470000000;5;2.3210000000;24;10.6760000000;15;8.2300000000;9;3.6740000000;6;3.1570000000;24;12.5010000000;0.7982030651;1;1;0;0.0000000000;0.0270833333;-0.9773000000;0.1372267753;0.3115594387;0.3034953177;0.1275680363;0.1202004626;0.5959909207;0.0000000000;0.0000000000;0.1106113717;0.0000320744;0.0003393896;0.8438267112;0.0452404618;0.9480493888;1.0000000000
http://rhinoxsis.homestead.com/zMkissed.html;4.0000000000;0;0;0;0.0060864273;0.6956786366;0.0126582278;0.9367088608;0;1;0.0126582278;0.7468354430;0;1;0.0018315018;0.9633699634;0;1.0000000000;8.7079704081;70.0114970759;12.4962636087;11.0347347203;10.5739965797;9.6424026659;0.7901365452;1638;1.0000000000;5;1.0000000000;79;1.0000000000;0.4413919414;0.0000000000;4.6349206349;0.1587301587;5.2000000000;0.3000000000;0;1.0000000000;15;6.3130000000;37;17.7820000000;16;5.7920000000;29;12.0550000000;34;15.8020000000;64;34.7060000000;28;11.6170000000;85;46.6410000000;0.8165453439;0;0;1;0.2000000000;0.1692823178;0.9996000000;0.0383462459;0.7685302496;0.1218462512;0.0544868819;0.0168403629;0.6485377971;0.0000000000;-0.2924000000;0.0000767904;0.9626116157;0.0093411263;0.0000125923;0.0280079041;0.9906384352;0.3397919778
http://political-economy.com/causes-of-the-great-depression/;4.0000000000;1;0;0;0.0083210964;0.5839451787;0.0317460317;0.8412698413;0;1;0.0000000000;1.0000000000;0;1;0.0004911591;0.9901768173;0;1.0000000000;8.4823050092;63.0998335511;12.3392376908;11.4374448852;9.2245909646;10.5302427389;0.8078232438;2036;1.0000000000;7;1.0000000000;126;1.0000000000;0.3546168959;0.0000000000;4.8030451866;0.2007612967;6.0000000000;0.5000000000;0;1.0000000000;49;10.7210000000;56;30.4410000000;16;5.4920000000;69;32.7530000000;52;36.3270000000;56;25.3090000000;40;11.1140000000;119;57.6870000000;0.7945726872;1;1;0;0.0000000000;0.1666795839;0.9875000000;0.1637137830;0.7080726624;0.1251976192;0.0018795598;0.0011864465;0.6200332568;0.4000000000;0.1027000000;0.0005975596;0.1070701480;0.8923561573;0.0000161829;0.0000100325;0.9997974693;0.6760380301
https://web.archive.org/web/20151026074226/http://www.rooseveltinstitute.org/new-roosevelt/real-lesson-great-depression-fiscal-policy-works;4.0000000000;0;1;1;0.0049886621;0.7505668934;0.0333333333;0.8333333333;0;1;0.0333333333;0.3333333333;1;0;0.0004555809;0.9908883827;0;1.0000000000;12.4814941141;49.8469329707;16.8622043411;14.3578166916;14.5330392887;12.3896829370;0.9751184347;2195;1.0000000000;10;1.0000000000;90;1.0000000000;0.4296127563;0.0000000000;5.1129840547;0.2782460137;5.2000000000;0.3000000000;1;0.6666666667;28;11.6180000000;43;20.0100000000;13;4.4850000000;78;34.8620000000;67;34.4490000000;62;21.9770000000;23;7.9030000000;116;59.5010000000;0.8233061224;1;1;5;1.0000000000;0.1038104218;-0.9972000000;0.0137015022;0.7062712312;0.2086186409;0.0702415928;0.0012170160;0.6635604939;0.6000000000;0.1759000000;0.0682184845;0.0001144554;0.9288707376;0.0027552948;0.0000910330;0.9105634941;0.7777559470
http://www.goodreturns.in/personal-finance/investment/2013/01/employees-provident-fund-epf-few-facts-you-should-know-158173.html;4.0000000000;1;0;0;0.0155131265;0.2243436754;0.1886792453;0.0566037736;0;1;0.0000000000;1.0000000000;0;1;0.0000000000;1.0000000000;0;1.0000000000;6.2123036945;78.5843215456;10.9964975709;10.4479324724;8.2769393289;9.5727259760;0.6715711358;830;0.8833333333;8;1.0000000000;53;1.0000000000;0.4120481928;0.0000000000;4.6686746988;0.1671686747;5.3750000000;0.3437500000;0;1.0000000000;1;0.0390000000;12;5.7190000000;2;0.6560000000;13;2.8060000000;7;2.6280000000;18;5.4120000000;2;0.5000000000;19;10.1070000000;0.9334916468;0;0;0;0.0000000000;0.0359744865;0.9897000000;0.1597467363;0.1903069019;0.6089827418;0.0382808074;0.0027327724;0.6193734971;-0.2000000000;0.0000000000;0.0000165510;0.0000161925;0.0000982227;0.9991061687;0.0008128189;0.9997235434;0.8298563139
